satisfaction_level,last_evaluation,number_projects,average_montly_hours,time_spend_company,work_accident,left,promotion_last_5years,salary_low,salary_medium
0.38,0.53,2,157,3,0,1,0,1,0
0.8,0.86,5,262,6,0,1,0,0,1
0.11,0.88,7,272,4,0,1,0,0,1
0.72,0.87,5,223,5,0,1,0,1,0
0.37,0.52,2,159,3,0,1,0,1,0
0.41,0.5,2,153,3,0,1,0,1,0
0.1,0.77,6,247,4,0,1,0,1,0
0.92,0.85,5,259,5,0,1,0,1,0
0.89,1.0,5,224,5,0,1,0,1,0
0.42,0.53,2,142,3,0,1,0,1,0
0.45,0.54,2,135,3,0,1,0,1,0
0.11,0.81,6,305,4,0,1,0,1,0
0.84,0.92,4,234,5,0,1,0,1,0
0.41,0.55,2,148,3,0,1,0,1,0
0.36,0.56,2,137,3,0,1,0,1,0
0.38,0.54,2,143,3,0,1,0,1,0
0.45,0.47,2,160,3,0,1,0,1,0
0.78,0.99,4,255,6,0,1,0,1,0
0.45,0.51,2,160,3,1,1,1,1,0
0.76,0.89,5,262,5,0,1,0,1,0
0.11,0.83,6,282,4,0,1,0,1,0
0.38,0.55,2,147,3,0,1,0,1,0
0.09,0.95,6,304,4,0,1,0,1,0
0.46,0.57,2,139,3,0,1,0,1,0
0.4,0.53,2,158,3,0,1,0,1,0
0.89,0.92,5,242,5,0,1,0,1,0
0.82,0.87,4,239,5,0,1,0,1,0
0.4,0.49,2,135,3,0,1,0,1,0
0.43,0.56,2,157,3,0,1,0,1,0
0.17,0.84,5,232,3,0,1,0,1,0
0.44,0.45,2,132,3,0,1,0,1,0
0.37,0.57,2,130,3,0,1,0,1,0
0.1,0.79,6,291,4,0,1,0,1,0
0.4,0.5,2,130,3,0,1,0,1,0
0.89,1.0,5,246,5,0,1,0,1,0
0.42,0.48,2,143,3,0,1,0,1,0
0.46,0.55,2,129,3,0,1,0,1,0
0.09,0.83,6,255,4,0,1,0,1,0
0.37,0.51,2,155,3,0,1,0,1,0
0.1,0.77,6,265,4,0,1,0,1,0
0.1,0.84,6,279,4,0,1,0,1,0
0.11,0.97,6,284,4,0,1,0,1,0
0.9,1.0,5,221,6,0,1,0,0,1
0.38,0.52,2,154,3,0,1,0,0,1
0.36,0.52,2,147,3,0,1,0,0,1
0.42,0.46,2,150,3,0,1,0,0,1
0.09,0.94,7,267,4,0,1,0,0,1
0.43,0.52,2,158,3,0,1,0,0,1
0.39,0.48,2,160,3,0,1,0,1,0
0.45,0.51,2,147,3,0,1,0,1,0
0.79,0.89,5,239,5,0,1,0,1,0
0.9,0.99,5,260,5,0,1,0,1,0
0.11,0.84,7,296,4,0,1,0,1,0
0.43,0.55,2,129,3,0,1,0,1,0
0.31,0.54,5,132,5,0,1,0,1,0
0.32,0.5,2,135,5,0,1,0,1,0
0.45,0.57,2,158,3,0,1,0,1,0
0.81,0.99,4,259,5,0,1,0,1,0
0.41,0.46,2,160,3,0,1,1,1,0
0.11,0.78,7,278,4,0,1,0,1,0
0.1,0.88,6,284,4,0,1,0,1,0
0.7,0.53,2,274,4,0,1,0,1,0
0.54,0.74,4,164,2,0,1,0,1,0
0.41,0.48,2,148,3,0,1,0,1,0
0.38,0.5,2,140,3,0,1,0,0,1
0.37,0.51,2,127,3,0,1,0,0,1
0.11,0.85,6,308,5,0,1,0,0,1
0.4,0.47,2,146,3,0,1,0,0,1
0.92,0.99,5,255,6,0,1,0,1,0
0.1,0.97,7,254,4,0,1,0,1,0
0.1,0.87,7,289,4,0,1,0,1,0
0.37,0.46,2,156,3,0,1,0,1,0
0.38,0.53,2,156,3,0,1,0,1,0
0.4,0.5,2,128,3,0,1,0,1,0
0.89,0.86,5,275,5,0,1,0,1,0
0.45,0.46,2,155,3,0,1,0,1,0
0.37,0.48,2,159,3,0,1,0,1,0
0.46,0.49,2,148,3,0,1,0,1,0
0.87,0.91,4,228,5,0,1,0,1,0
0.11,0.84,6,298,4,0,1,0,1,0
0.79,0.87,5,261,5,0,1,0,1,0
0.79,0.92,5,254,6,0,1,0,1,0
0.19,0.59,7,192,3,0,1,0,1,0
0.87,0.98,4,248,5,0,1,0,1,0
0.6,0.92,2,258,5,0,1,0,1,0
0.44,0.45,2,156,3,0,1,0,0,1
0.11,0.81,6,266,4,1,1,0,0,1
0.42,0.54,2,156,3,0,1,0,0,1
0.11,0.81,5,287,4,0,1,0,1,0
0.73,0.86,4,245,6,0,1,0,1,0
0.43,0.47,2,135,3,0,1,0,1,0
0.37,0.46,2,153,3,0,1,0,1,0
0.11,0.94,6,276,4,0,1,0,1,0
0.4,0.46,2,130,3,0,1,0,1,0
0.41,0.54,2,153,3,1,1,0,1,0
0.82,0.84,5,244,5,0,1,0,1,0
0.61,0.47,2,253,3,0,1,0,1,0
0.11,0.91,7,287,4,0,1,0,1,0
0.37,0.45,2,131,3,0,1,0,1,0
0.41,0.52,2,135,3,0,1,0,1,0
0.37,0.52,2,157,3,0,1,0,1,0
0.88,0.99,5,262,6,0,1,0,1,0
0.1,0.85,6,266,4,0,1,0,1,0
0.44,0.48,2,148,3,0,1,0,1,0
0.38,0.57,2,140,3,0,1,0,1,0
0.11,0.85,7,302,4,0,1,0,1,0
0.09,0.98,6,271,4,0,1,0,1,0
0.45,0.52,2,145,3,0,1,0,0,1
0.38,0.51,2,159,3,0,1,0,0,1
0.45,0.55,2,148,3,0,1,0,1,0
0.84,1.0,4,261,5,0,1,0,1,0
0.11,0.93,6,282,4,0,1,0,1,0
0.42,0.56,2,133,3,0,1,0,1,0
0.45,0.46,2,128,3,0,1,0,1,0
0.09,0.79,6,293,5,0,1,0,1,0
0.87,0.83,4,265,6,0,1,0,1,0
0.1,0.87,6,250,4,0,1,0,1,0
0.91,1.0,5,251,6,0,1,0,1,0
0.76,0.92,4,246,5,0,1,0,1,0
0.74,1.0,5,275,5,0,1,0,1,0
0.92,0.93,5,240,5,0,1,0,1,0
0.76,0.87,5,245,5,0,1,0,1,0
0.47,0.5,4,254,4,0,1,0,1,0
0.73,0.99,5,241,5,0,1,0,1,0
0.09,0.94,6,257,4,0,1,0,1,0
0.91,0.92,4,246,5,0,1,0,1,0
0.82,0.98,4,233,5,0,1,0,1,0
0.4,0.48,2,137,3,0,1,0,0,1
0.09,0.95,6,292,4,0,1,0,0,1
0.9,0.92,5,245,5,0,1,0,1,0
0.41,0.52,2,159,3,0,1,0,1,0
0.1,0.85,6,260,4,0,1,0,1,0
0.44,0.53,2,149,3,0,1,0,1,0
0.89,0.85,5,266,5,0,1,0,1,0
0.42,0.56,2,149,3,0,1,0,1,0
0.87,1.0,5,242,5,0,1,0,1,0
0.45,0.57,2,134,3,0,1,0,1,0
0.11,0.87,5,271,4,0,1,0,1,0
0.09,0.79,6,275,4,0,1,0,1,0
0.76,0.83,5,227,5,0,1,0,1,0
0.11,0.96,7,277,5,0,1,0,1,0
0.37,0.49,2,151,3,0,1,0,1,0
0.1,0.79,6,274,4,0,1,0,1,0
0.77,0.87,4,242,6,0,1,0,1,0
0.42,0.54,2,143,3,1,1,0,1,0
0.38,0.52,2,145,3,0,1,0,1,0
0.32,0.95,5,172,2,0,1,0,1,0
0.37,0.56,2,156,3,0,1,0,0,1
0.89,0.92,5,237,5,0,1,0,0,1
0.43,0.49,2,135,3,0,1,0,0,1
0.78,1.0,5,236,5,0,1,0,0,1
0.37,0.47,2,149,3,0,1,0,1,0
0.37,0.5,2,141,3,0,1,0,1,0
0.85,0.82,4,270,5,0,1,0,1,0
0.41,0.47,2,138,3,0,1,0,1,0
0.11,0.96,6,298,4,0,1,0,1,0
0.75,0.99,5,254,5,0,1,0,1,0
0.82,0.85,5,248,5,0,1,0,1,0
0.79,1.0,5,257,6,0,1,0,1,0
0.43,0.53,2,150,3,0,1,0,1,0
0.1,0.9,7,281,4,0,1,0,1,0
0.46,0.48,2,141,3,1,1,0,1,0
0.43,0.57,2,157,3,0,1,0,1,0
0.43,0.55,2,136,3,0,1,0,1,0
0.11,0.8,7,296,4,0,1,0,1,0
0.09,0.86,6,279,4,0,1,0,1,0
0.37,0.53,2,131,3,0,1,0,1,0
0.39,0.53,2,127,3,0,1,0,0,1
0.43,0.51,2,141,3,0,1,0,1,0
0.8,0.75,3,268,2,0,1,0,0,1
0.1,0.86,6,247,4,0,1,0,0,1
0.1,0.55,2,247,4,0,1,0,0,1
0.36,0.52,2,146,3,0,1,0,0,1
0.38,0.5,2,140,3,0,1,0,1,0
0.78,0.98,5,263,6,0,1,0,1,0
0.44,0.49,2,145,3,0,1,0,1,0
0.41,0.46,2,156,3,1,1,0,1,0
0.72,0.85,5,244,6,0,1,0,1,0
0.46,0.54,2,144,3,0,1,0,1,0
0.1,0.9,7,286,4,0,1,0,1,0
0.34,0.67,4,141,2,0,1,0,1,0
0.11,0.89,6,260,5,0,1,0,1,0
0.38,0.56,2,154,3,0,1,0,1,0
0.82,0.92,5,225,5,0,1,0,1,0
0.39,0.57,2,127,3,0,1,0,1,0
0.44,0.53,2,140,3,0,1,0,1,0
0.43,0.52,2,147,3,0,1,0,1,0
0.4,0.49,2,128,3,0,1,0,1,0
0.11,0.87,7,278,4,0,1,0,1,0
0.86,0.98,3,158,5,0,1,0,1,0
0.42,1.0,3,202,3,0,1,0,0,1
0.79,0.84,4,240,5,0,1,0,0,1
0.09,0.92,7,254,4,0,1,0,0,1
0.35,0.99,3,236,4,0,1,0,0,1
0.1,0.81,7,291,4,0,1,0,0,0
0.11,0.8,6,306,4,0,1,0,1,0
0.43,0.48,2,135,3,0,1,0,0,1
0.38,0.45,2,156,3,0,1,0,0,1
0.46,0.54,2,143,3,0,1,0,0,1
0.89,0.82,4,243,5,0,1,0,0,1
0.45,0.5,2,147,3,0,1,0,1,0
0.44,0.53,2,159,3,0,1,0,1,0
0.74,0.54,5,216,3,0,1,0,1,0
0.45,0.54,2,152,3,0,1,0,1,0
0.79,0.93,4,226,5,0,1,0,1,0
0.79,0.91,5,271,5,0,1,0,1,0
0.11,0.87,6,255,4,0,1,0,1,0
0.42,0.48,2,140,3,0,1,0,1,0
0.64,0.9,6,252,2,0,1,0,1,0
0.4,0.55,2,159,3,0,1,0,1,0
0.84,0.98,5,270,5,0,1,0,1,0
0.73,0.92,5,232,5,0,1,0,1,0
0.38,0.55,2,151,3,0,1,0,1,0
0.39,0.54,2,127,3,0,1,0,1,0
0.41,0.55,2,151,3,0,1,0,1,0
0.1,0.9,7,290,4,0,1,0,1,0
0.09,0.93,6,249,4,0,1,0,1,0
0.39,0.46,2,159,3,0,1,0,0,1
0.1,0.86,6,309,4,0,1,0,0,1
0.31,0.77,4,149,3,0,1,0,0,1
0.42,0.54,2,159,3,0,1,0,0,1
0.38,0.5,2,152,3,0,1,0,0,0
0.39,0.57,2,158,3,0,1,0,1,0
0.1,0.97,6,254,5,0,1,0,0,1
0.11,0.93,6,294,4,0,1,0,0,1
0.1,0.92,7,269,4,0,1,0,0,1
0.11,0.9,7,247,4,0,1,0,0,1
0.44,0.65,3,271,4,0,1,0,1,0
0.91,0.96,4,232,5,0,1,0,1,0
0.72,1.0,4,245,5,0,1,0,1,0
0.36,0.46,2,132,3,0,1,0,1,0
0.44,0.57,2,131,3,0,1,0,1,0
0.85,0.99,5,248,5,0,1,0,1,0
0.78,0.93,5,225,5,0,1,0,1,0
0.39,0.46,2,156,3,0,1,0,1,0
0.78,0.81,3,222,2,0,1,0,1,0
0.1,0.92,6,243,4,1,1,0,1,0
0.37,0.53,2,126,3,0,1,0,1,0
0.79,0.94,5,227,6,0,1,0,0,1
0.1,0.81,6,301,4,1,1,0,0,1
0.54,0.94,6,294,3,0,1,0,0,1
0.37,0.47,2,151,3,0,1,0,0,1
0.37,0.57,2,128,3,0,1,0,0,1
0.82,0.89,5,217,5,0,1,0,0,0
0.45,0.52,2,160,3,0,1,0,1,0
0.79,0.9,5,263,5,0,1,0,0,1
0.42,0.56,2,156,3,0,1,0,0,1
0.1,0.85,6,273,4,0,1,0,0,1
0.11,0.78,6,303,4,0,1,0,0,1
0.74,1.0,4,253,5,0,1,0,1,0
0.1,0.93,6,270,4,0,1,0,1,0
0.79,1.0,4,218,5,0,1,0,1,0
0.43,0.48,2,144,3,0,1,0,1,0
0.41,0.47,2,154,3,0,1,0,1,0
0.39,0.55,2,146,3,0,1,0,1,0
0.1,0.94,6,260,4,0,1,0,1,0
0.82,0.85,5,218,5,0,1,0,1,0
0.92,0.9,5,248,5,0,1,0,1,0
0.79,0.98,4,271,5,0,1,0,1,0
0.43,0.51,2,140,3,0,1,0,1,0
0.8,0.95,4,274,5,0,1,0,1,0
0.44,0.49,2,127,3,1,1,0,1,0
0.48,0.88,3,239,3,0,1,0,1,0
0.44,0.5,2,156,3,0,1,0,0,1
0.42,0.56,2,147,3,0,1,0,0,1
0.11,0.8,7,243,4,0,1,0,0,1
0.78,0.87,4,236,5,0,1,0,0,1
0.46,0.86,2,212,4,0,1,0,0,1
0.77,0.91,5,261,6,0,1,0,0,1
0.83,0.82,4,243,5,0,1,0,0,1
0.32,0.58,5,271,5,0,1,0,0,0
0.9,0.92,5,154,4,0,1,0,1,0
0.42,0.52,2,151,3,0,1,0,0,1
0.1,0.96,6,254,4,1,1,0,0,1
0.1,0.91,6,285,4,0,1,0,0,1
0.44,0.49,2,130,3,0,1,0,0,1
0.1,0.95,7,301,4,0,1,0,1,0
0.11,0.8,6,286,4,0,1,0,1,0
0.1,0.89,6,246,4,0,1,0,1,0
0.39,0.47,2,135,3,0,1,0,1,0
0.92,0.92,4,245,5,0,1,0,1,0
0.43,0.56,2,136,3,0,1,0,1,0
0.76,0.91,4,219,5,0,1,0,1,0
0.37,0.5,2,131,3,0,1,0,0,1
0.87,1.0,4,258,5,1,1,1,0,1
0.11,0.85,6,267,4,0,1,0,0,1
0.42,0.5,2,141,3,0,1,0,0,1
0.43,0.48,2,160,3,0,1,0,0,1
0.09,0.8,6,247,4,0,1,0,0,1
0.54,0.56,4,260,3,0,1,0,0,1
0.4,0.47,2,151,3,0,1,0,0,1
0.36,0.52,2,137,3,1,1,0,0,1
0.87,0.9,4,256,5,0,1,0,0,0
0.75,0.88,4,239,5,0,1,0,1,0
0.43,0.53,2,152,3,0,1,0,0,1
0.43,0.47,2,149,3,0,1,0,0,1
0.1,0.87,6,284,4,0,1,0,0,1
0.11,0.78,7,248,4,0,1,0,0,1
0.44,0.53,2,156,3,0,1,0,1,0
0.39,0.48,2,138,3,0,1,0,1,0
0.4,0.55,2,155,3,0,1,0,1,0
0.92,0.87,4,229,6,0,1,0,1,0
0.45,0.57,2,136,3,0,1,0,1,0
0.74,0.89,4,267,5,0,1,0,0,1
0.09,0.79,6,276,4,0,1,0,0,1
0.8,0.95,5,244,5,0,1,0,0,1
0.46,0.53,2,128,3,0,1,0,0,1
0.86,0.95,5,269,6,0,1,0,0,1
0.86,0.95,4,238,5,0,1,0,0,1
0.9,0.91,4,269,5,0,1,0,0,1
0.87,0.88,5,231,6,0,1,0,0,1
0.83,0.94,4,267,5,0,1,0,0,1
0.77,0.83,4,245,5,0,1,0,0,1
0.77,1.0,4,272,5,0,1,0,0,1
0.9,0.86,5,254,5,0,1,0,0,0
0.73,0.92,4,273,5,0,1,0,1,0
0.91,0.9,4,250,5,0,1,0,0,1
0.36,0.53,2,133,3,0,1,0,0,1
0.38,0.54,2,150,3,0,1,0,0,1
0.44,0.46,2,157,3,0,1,0,0,1
0.73,1.0,5,230,5,0,1,0,1,0
0.89,0.91,5,260,5,0,1,0,1,0
0.87,0.88,5,262,6,0,1,0,1,0
0.09,0.92,6,303,5,0,1,0,1,0
0.42,0.46,2,132,3,0,1,0,1,0
0.82,0.83,4,245,5,1,1,0,1,0
0.46,0.48,2,129,3,0,1,0,1,0
0.43,0.45,2,140,3,0,1,0,1,0
0.39,0.55,2,152,3,1,1,0,0,1
0.1,0.88,7,300,4,0,1,0,0,1
0.39,0.53,2,131,3,0,1,0,0,1
0.11,0.89,6,301,4,0,1,0,0,1
0.4,0.51,2,156,3,0,1,0,0,1
0.42,0.52,2,141,3,1,1,0,0,1
0.57,0.85,4,219,2,1,1,0,0,1
0.11,0.95,7,269,5,0,1,0,0,1
0.36,0.73,4,276,2,0,1,0,0,1
0.11,0.94,7,302,4,0,1,0,0,1
0.35,0.8,6,281,2,0,1,0,0,1
0.78,0.99,5,241,5,0,1,0,0,1
0.11,0.93,7,288,4,0,1,0,0,0
0.1,0.96,6,303,4,0,1,0,1,0
0.42,0.54,2,135,3,0,1,0,0,1
0.43,0.5,2,127,3,1,1,0,0,1
0.79,0.84,5,245,5,0,1,0,0,1
0.45,0.45,2,145,3,0,1,0,0,1
0.09,0.91,6,248,4,0,1,0,1,0
0.75,0.93,5,229,5,0,1,0,1,0
0.42,0.55,2,148,3,0,1,0,1,0
0.37,0.52,2,143,3,0,1,0,0,1
0.11,0.98,6,250,4,0,1,0,0,1
0.09,0.88,7,265,4,0,1,0,0,1
0.41,0.54,2,152,3,0,1,0,0,1
0.42,0.49,2,145,3,0,1,0,0,1
0.4,0.49,2,140,3,0,1,0,0,1
0.36,0.47,2,129,3,0,1,0,0,1
0.74,0.9,4,226,5,0,1,0,0,1
0.66,1.0,5,269,5,0,1,0,0,1
0.38,0.47,2,152,3,0,1,0,0,1
0.43,0.51,2,132,3,0,1,0,0,1
0.43,0.53,2,148,3,0,1,0,0,1
0.1,0.85,6,297,5,0,1,0,0,0
0.82,0.85,4,274,5,0,1,0,1,0
0.1,0.77,6,280,4,0,1,0,0,1
0.1,0.93,6,288,4,0,1,0,0,1
0.43,0.49,2,155,3,0,1,0,0,1
0.09,0.94,7,247,4,0,1,0,0,1
0.45,0.45,2,131,3,0,1,0,1,0
0.11,0.93,6,276,4,0,1,0,1,0
0.44,0.5,2,135,3,0,1,0,1,0
0.09,0.94,6,266,4,0,1,0,0,1
0.56,0.75,5,236,2,0,1,0,0,1
0.77,0.89,4,270,5,0,1,0,0,1
0.39,0.49,2,146,3,0,1,0,0,1
0.1,0.92,5,272,4,0,1,0,0,1
0.72,0.85,5,246,5,0,1,0,0,1
0.4,0.52,2,136,3,0,1,0,0,1
0.11,0.81,6,260,4,0,1,0,0,1
0.88,1.0,5,247,5,0,1,0,0,1
0.11,0.96,6,267,4,0,1,0,0,1
0.4,0.52,2,143,3,0,1,0,0,1
0.1,0.86,6,306,4,0,1,0,0,0
0.62,0.89,3,131,4,0,1,0,1,0
0.78,0.86,4,249,5,0,1,0,0,1
0.37,0.52,2,144,3,0,1,0,0,1
0.76,0.82,4,254,5,1,1,0,0,1
0.46,0.5,2,141,3,0,1,0,1,0
0.43,0.46,2,145,3,0,1,0,1,0
0.11,0.91,6,279,4,0,1,0,1,0
0.4,0.46,2,146,3,0,1,0,1,0
0.09,0.93,7,270,4,0,1,0,0,1
0.4,0.5,2,135,3,0,1,0,0,1
0.14,0.7,5,236,3,0,1,0,0,1
0.4,0.49,2,151,3,0,1,0,0,1
0.11,0.79,6,244,4,1,1,0,0,1
0.72,1.0,4,169,3,0,1,0,0,1
0.39,0.57,2,157,3,0,1,0,0,1
0.82,0.93,4,246,5,0,1,0,0,1
0.41,0.52,2,142,3,0,1,0,0,1
0.45,0.51,2,156,3,0,1,0,0,1
0.2,0.7,6,281,5,0,1,0,0,1
0.43,0.53,2,146,3,0,1,0,0,1
0.39,0.55,2,156,3,0,1,0,0,0
0.11,0.86,6,299,4,1,1,0,1,0
0.45,0.47,2,136,3,0,1,0,0,1
0.11,0.87,6,272,4,0,1,0,0,1
0.72,0.86,5,251,5,0,1,0,1,0
0.78,0.45,4,128,2,0,1,0,1,0
0.39,0.54,2,149,3,0,1,0,1,0
0.46,0.57,2,145,3,0,1,0,1,0
0.1,0.92,6,279,4,0,1,0,0,1
0.45,0.47,2,146,3,0,1,0,0,1
0.1,0.83,6,264,4,1,1,0,0,1
0.1,0.89,7,272,4,0,1,0,0,1
0.78,0.86,5,256,5,0,1,0,0,1
0.4,0.65,2,296,5,0,1,0,0,1
0.45,0.51,2,155,3,1,1,0,0,1
0.39,0.56,2,130,3,0,1,0,0,1
0.43,0.48,2,157,3,0,1,0,0,1
0.09,0.96,6,245,4,0,1,0,0,1
0.79,0.86,5,226,5,0,1,0,0,1
0.44,0.47,2,156,3,1,1,0,0,1
0.79,0.95,5,228,5,0,1,0,0,0
0.38,0.46,2,155,3,0,1,0,1,0
0.36,0.56,2,159,3,0,1,0,0,1
0.41,0.56,2,160,3,0,1,0,1,0
0.09,0.84,7,260,4,0,1,0,1,0
0.4,0.57,2,152,3,0,1,0,1,0
0.41,0.54,2,135,3,0,1,0,1,0
0.83,0.92,4,235,5,0,1,0,1,0
0.42,0.47,2,145,3,0,1,0,1,0
0.61,0.46,5,220,4,0,1,0,1,0
0.44,0.52,2,128,3,0,1,0,0,1
0.77,0.81,5,237,5,0,1,0,0,1
0.81,0.95,4,275,5,0,1,0,0,1
0.1,0.78,6,310,4,0,1,0,0,1
0.73,0.84,5,251,6,0,1,0,0,1
0.09,0.83,6,250,4,0,1,0,0,1
0.9,0.99,4,259,6,0,1,0,0,1
0.88,1.0,4,259,5,0,1,0,0,1
0.09,0.87,7,305,4,0,1,0,0,1
0.4,0.56,2,130,3,1,1,0,0,1
0.17,0.55,6,250,5,0,1,0,0,1
0.82,0.82,5,220,6,0,1,0,0,1
0.9,0.83,4,266,5,0,1,0,0,0
0.43,0.54,2,153,3,0,1,0,1,0
0.42,0.46,2,147,3,0,1,0,1,0
0.43,0.54,2,130,3,0,1,0,1,0
0.1,0.93,6,307,4,0,1,0,1,0
0.76,0.98,4,237,5,0,1,0,1,0
0.88,0.89,4,254,5,0,1,0,1,0
0.39,0.48,2,151,3,0,1,0,1,0
0.45,0.54,2,131,3,0,1,0,0,1
0.91,0.95,5,241,5,0,1,0,0,1
0.86,0.85,5,267,5,0,1,0,0,1
0.39,0.53,2,153,3,0,1,0,0,1
0.89,1.0,4,217,5,0,1,0,0,1
0.11,0.86,6,254,4,0,1,0,0,1
0.1,0.87,6,265,5,0,1,0,0,1
0.38,0.57,2,146,3,0,1,0,0,1
0.4,0.54,2,156,3,0,1,0,0,1
0.86,0.97,5,269,5,0,1,0,0,1
0.1,0.86,6,288,4,0,1,0,0,1
0.1,0.85,6,283,4,0,1,0,0,1
0.83,0.94,4,264,5,0,1,0,1,0
0.38,0.51,2,141,3,0,1,0,1,0
0.45,0.68,4,212,4,1,1,0,1,0
0.39,0.56,2,160,3,0,1,0,1,0
0.45,0.47,2,150,3,0,1,0,1,0
0.42,0.53,2,132,3,1,1,0,1,0
0.1,0.87,6,248,4,0,1,0,1,0
0.78,0.96,5,272,5,0,1,0,1,0
0.1,0.87,7,299,4,0,1,0,1,0
0.1,0.8,6,292,4,0,1,0,0,1
0.43,0.46,2,126,3,0,1,0,0,1
0.38,0.45,2,132,3,0,1,0,0,1
0.09,0.77,6,282,5,0,1,0,0,1
0.39,0.53,2,141,3,0,1,0,0,1
0.73,0.99,6,206,5,0,1,0,0,1
0.38,0.49,2,140,3,0,1,0,0,1
0.1,0.91,6,255,4,0,1,0,0,1
0.41,0.54,2,133,3,0,1,0,0,1
0.43,0.51,2,131,3,0,1,0,0,1
0.36,0.51,2,144,3,0,1,0,1,0
0.9,1.0,4,229,5,0,1,0,1,0
0.44,0.56,2,141,3,0,1,0,1,0
0.78,0.95,4,260,5,0,1,0,1,0
0.37,0.52,2,141,3,0,1,0,1,0
0.4,0.47,2,144,3,1,1,0,1,0
0.84,1.0,5,250,5,0,1,0,1,0
0.09,0.86,6,245,4,0,1,0,1,0
0.83,0.93,4,269,5,0,1,0,1,0
0.11,0.87,6,273,4,0,1,0,1,0
0.37,0.5,2,142,3,0,1,0,1,0
0.09,0.93,6,273,5,0,1,0,1,0
0.43,0.47,2,248,2,0,1,0,0,1
0.39,0.56,2,147,3,0,1,0,0,1
0.85,0.9,2,168,2,0,1,0,0,1
0.38,0.52,2,128,3,0,1,0,0,1
0.76,0.84,5,227,5,1,1,0,0,1
0.44,0.51,2,135,3,0,1,0,0,1
0.73,1.0,4,268,5,0,1,0,0,1
0.43,0.53,2,136,3,0,1,0,0,1
0.84,1.0,5,242,5,0,1,0,1,0
0.38,0.51,2,159,3,0,1,0,1,0
0.41,0.49,2,147,3,0,1,0,1,0
0.37,0.51,2,154,3,1,1,0,1,0
0.43,0.56,2,129,3,0,1,0,1,0
0.46,0.53,2,161,3,0,1,0,1,0
0.09,0.84,6,269,4,0,1,0,1,0
0.78,0.86,5,274,5,0,1,0,1,0
0.45,0.53,2,159,3,0,1,0,1,0
0.42,0.47,2,135,3,0,1,0,1,0
0.46,0.53,2,147,3,0,1,0,1,0
0.39,0.49,2,142,3,0,1,0,1,0
0.36,0.51,2,130,3,0,1,0,1,0
0.43,0.53,2,147,3,0,1,0,0,1
0.85,0.87,5,246,5,1,1,0,0,1
0.11,0.92,6,281,4,0,1,0,0,1
0.11,0.9,6,253,4,0,1,0,0,1
0.38,0.47,2,128,3,0,1,0,0,1
0.43,0.57,2,129,3,0,1,0,0,1
0.14,0.75,4,277,5,1,1,0,0,1
0.37,0.45,2,149,3,0,1,0,1,0
0.39,0.53,2,146,3,0,1,0,1,0
0.72,0.94,4,258,5,0,1,0,1,0
0.37,0.49,2,148,3,0,1,0,1,0
0.82,0.94,5,236,5,0,1,0,1,0
0.42,0.52,2,134,3,0,1,0,1,0
0.59,1.0,2,155,5,0,1,0,1,0
0.82,0.86,5,257,5,0,1,0,1,0
0.73,0.97,6,189,2,0,1,0,1,0
0.78,0.66,3,164,3,0,1,0,1,0
0.09,0.95,6,271,4,0,1,0,1,0
0.1,0.97,6,280,4,0,1,0,1,0
0.45,0.46,2,149,3,0,1,0,1,0
0.83,0.81,5,219,5,0,1,0,1,0
0.43,0.51,2,128,3,0,1,0,1,0
0.4,0.47,2,128,3,0,1,0,0,1
0.43,0.46,2,157,3,0,1,0,0,1
0.78,0.93,4,225,5,0,1,0,0,1
0.39,0.45,2,140,3,0,1,0,0,1
0.11,0.84,7,310,4,0,1,0,0,1
0.38,0.53,2,140,3,0,1,0,1,0
0.43,0.54,2,156,3,0,1,0,1,0
0.37,0.57,2,147,3,0,1,0,1,0
0.11,0.92,7,293,4,0,1,0,1,0
0.41,0.53,2,157,3,0,1,0,1,0
0.84,0.96,4,247,5,0,1,0,1,0
0.4,0.51,2,148,3,0,1,0,1,0
0.58,0.74,4,215,3,0,0,0,1,0
0.82,0.67,2,202,3,0,0,0,1,0
0.45,0.69,5,193,3,0,0,0,1,0
0.78,0.82,5,247,3,0,0,0,1,0
0.49,0.6,3,214,2,0,0,0,1,0
0.36,0.95,3,206,4,0,0,0,1,0
0.54,0.37,2,176,2,0,0,0,1,0
0.99,0.91,5,136,4,0,0,0,1,0
0.5,0.75,6,127,3,0,0,0,1,0
0.74,0.64,4,268,3,0,0,0,1,0
0.56,0.58,4,258,3,0,0,0,0,1
0.34,0.39,2,136,3,0,0,0,0,1
0.82,0.65,4,148,3,0,0,0,0,0
0.53,0.81,3,226,3,1,0,0,1,0
0.86,0.99,3,169,2,1,0,0,1,0
0.92,0.65,4,238,2,0,0,0,1,0
0.97,0.83,4,202,3,0,0,0,1,0
0.39,0.78,2,205,6,1,0,0,1,0
0.45,0.66,3,111,4,0,0,0,1,0
0.41,0.47,4,104,3,0,0,0,1,0
0.51,0.69,3,212,3,0,0,0,1,0
0.74,0.62,4,236,4,0,0,0,1,0
0.69,0.57,5,245,2,1,0,0,1,0
0.84,0.64,4,267,4,0,0,0,1,0
0.69,0.66,5,106,5,0,0,0,1,0
0.93,0.53,5,198,3,0,0,0,1,0
0.33,0.45,6,239,3,0,0,0,1,0
0.25,0.65,5,220,3,0,0,0,1,0
0.63,0.59,5,224,3,0,0,0,1,0
0.81,0.62,3,100,3,0,0,0,1,0
0.12,0.87,4,244,5,0,0,0,1,0
0.52,0.66,4,139,3,0,0,0,1,0
0.52,0.43,2,199,2,0,0,0,0,1
0.97,0.68,3,167,3,0,0,0,1,0
0.27,0.59,5,226,5,0,0,0,1,0
0.65,0.64,3,223,4,0,0,0,1,0
0.68,0.73,3,257,3,0,0,0,1,0
0.68,0.46,4,143,3,0,0,0,1,0
0.69,0.74,3,215,2,0,0,0,1,0
0.79,0.99,3,194,4,0,0,0,1,0
0.74,0.92,5,193,3,0,0,0,1,0
0.8,0.83,3,163,3,0,0,0,1,0
0.38,0.94,5,252,5,0,0,0,1,0
0.26,0.83,3,168,3,0,0,0,1,0
0.81,0.86,3,231,3,0,0,0,1,0
0.67,0.54,2,141,2,0,0,0,1,0
0.55,0.81,4,260,2,0,0,0,1,0
0.87,0.71,3,132,2,0,0,0,1,0
0.46,0.69,2,159,2,0,0,0,1,0
0.63,0.57,4,177,3,1,0,0,1,0
0.54,0.96,4,248,3,0,0,0,1,0
1.0,0.49,3,185,2,0,0,0,1,0
0.65,0.93,4,270,2,0,0,0,0,1
0.78,0.81,4,232,3,0,0,0,0,1
0.26,0.63,6,100,4,0,0,0,0,1
0.53,0.72,2,172,5,0,0,0,1,0
0.25,0.41,3,133,6,1,0,0,1,0
0.82,0.51,3,234,3,0,0,0,1,0
0.71,0.57,2,183,4,0,0,0,1,0
0.61,0.95,4,174,4,0,0,0,1,0
0.89,0.68,3,175,2,0,0,0,1,0
0.57,0.78,3,109,3,1,0,0,1,0
0.93,0.8,4,248,3,0,0,0,1,0
0.61,0.84,5,104,4,0,0,0,1,0
0.56,0.62,3,154,2,0,0,0,1,0
0.7,0.89,6,214,2,0,0,0,1,0
0.9,0.64,4,209,4,0,0,0,1,0
0.15,0.74,6,212,2,0,0,0,1,0
0.39,0.36,3,168,3,1,0,0,1,0
0.74,0.72,4,176,3,0,0,0,1,0
0.7,0.61,4,163,4,1,0,0,1,0
0.72,0.93,4,148,2,0,0,0,1,0
0.4,0.69,2,174,3,0,0,0,0,1
0.98,0.74,3,164,3,0,0,0,0,1
0.6,0.64,2,137,5,0,0,0,0,1
0.38,0.44,3,137,3,0,0,0,0,1
0.51,0.41,6,106,5,0,0,0,0,1
0.91,0.61,2,272,2,0,0,0,1,0
0.56,0.62,5,238,3,0,0,0,1,0
0.58,0.69,4,223,4,0,0,0,1,0
0.51,0.53,3,201,2,0,0,0,1,0
0.91,0.55,6,97,4,0,0,0,1,0
0.8,0.98,2,232,6,1,0,0,1,0
0.55,0.83,4,199,3,0,0,0,1,0
0.62,0.53,3,141,3,0,0,0,1,0
0.62,0.6,3,171,2,0,0,0,1,0
0.87,0.58,4,212,3,0,0,0,1,0
0.65,0.5,5,270,2,0,0,0,1,0
0.51,0.64,3,267,2,0,0,0,1,0
0.98,0.77,3,134,2,1,0,0,1,0
0.13,0.43,4,165,5,0,0,0,1,0
0.78,0.76,5,168,4,1,0,0,1,0
0.37,0.63,4,153,3,1,0,0,0,1
0.38,0.69,3,99,3,1,0,0,0,0
0.57,0.85,4,164,3,0,0,0,1,0
0.72,0.51,3,160,3,0,0,0,0,1
0.6,0.57,2,184,3,0,0,0,0,1
0.61,0.55,5,266,2,0,0,0,0,1
0.67,0.64,4,190,2,0,0,0,0,1
0.97,0.97,5,192,2,0,0,0,1,0
0.22,0.6,3,205,6,1,0,0,1,0
0.15,0.53,4,205,5,1,0,0,1,0
0.6,0.6,3,258,3,0,0,0,1,0
0.15,0.8,5,151,2,1,0,0,1,0
0.5,0.81,3,148,2,0,0,0,1,0
0.9,0.67,3,179,2,0,0,0,1,0
0.84,0.51,6,141,2,1,0,0,1,0
0.74,0.78,5,216,2,0,0,0,1,0
0.72,0.51,3,235,2,0,0,0,1,0
0.93,0.63,3,160,4,1,0,0,1,0
0.54,0.69,3,141,4,0,0,0,1,0
0.87,0.65,4,246,2,1,0,0,1,0
0.22,0.55,4,261,3,1,0,0,0,1
0.91,0.7,3,132,4,0,0,0,0,1
0.72,0.58,5,147,3,1,0,0,0,1
0.77,0.71,4,223,3,0,0,0,0,0
0.41,0.4,2,194,2,0,0,0,1,0
0.51,0.49,4,234,2,0,0,0,0,1
0.72,0.79,3,149,3,0,0,0,0,1
0.47,0.57,3,162,3,1,0,0,0,1
0.53,0.67,4,238,2,0,0,0,0,1
0.65,0.52,5,149,3,0,0,0,1,0
0.18,0.75,4,170,5,0,0,0,1,0
0.61,0.48,3,250,2,0,0,0,1,0
0.86,0.72,4,167,2,0,0,0,1,0
0.14,0.77,4,166,5,0,0,0,1,0
0.63,0.8,3,205,2,0,0,0,1,0
0.79,0.57,3,250,3,0,0,0,1,0
0.78,0.97,4,142,3,0,0,0,1,0
0.14,0.52,4,217,6,0,0,0,1,0
0.85,0.54,3,139,3,0,0,0,1,0
0.85,0.75,4,139,3,0,0,0,1,0
0.63,0.98,4,175,2,0,0,0,0,1
0.62,0.49,4,218,4,0,0,0,0,1
0.61,0.63,5,230,3,0,0,0,0,1
0.24,0.6,4,195,5,0,0,0,0,1
0.71,0.63,3,254,3,1,0,0,0,0
0.49,0.8,2,275,2,0,0,0,1,0
0.44,0.66,3,162,2,0,0,0,0,1
0.75,0.87,4,193,3,0,0,0,0,1
0.74,0.84,3,239,4,0,0,0,0,1
0.62,0.87,5,149,3,0,0,0,0,1
0.51,0.58,3,155,3,0,0,0,1,0
0.61,0.59,5,271,2,0,0,0,1,0
0.56,0.49,5,163,3,0,0,0,1,0
0.79,0.76,3,160,3,0,0,0,1,0
0.68,0.75,6,274,5,0,0,0,1,0
0.9,0.84,2,199,3,0,0,0,1,0
0.83,0.93,5,241,3,0,0,0,1,0
0.94,0.82,3,187,3,0,0,0,1,0
0.21,0.65,5,223,3,1,0,0,1,0
0.58,0.87,3,268,2,0,0,0,1,0
0.9,1.0,4,207,3,0,0,0,0,1
0.99,0.78,4,140,3,0,0,0,0,1
0.85,0.78,4,251,3,0,0,0,0,1
0.63,0.95,4,137,3,0,0,0,0,1
0.63,0.78,3,153,3,1,0,0,0,1
0.5,0.65,5,242,3,0,0,0,0,0
0.52,0.57,3,150,3,0,0,0,1,0
0.63,0.99,3,247,3,0,0,0,0,1
0.78,0.5,4,212,2,0,0,0,0,1
0.98,0.53,3,234,3,0,0,0,0,1
0.14,1.0,5,174,5,0,0,0,0,1
0.7,0.9,3,225,2,0,0,0,1,0
0.88,0.6,4,224,2,0,0,0,1,0
0.72,0.62,3,270,4,0,0,0,1,0
0.88,0.51,4,139,3,0,0,0,1,0
0.71,0.51,3,248,4,0,0,0,1,0
0.6,0.85,3,172,2,0,0,0,1,0
0.88,0.86,4,224,3,1,0,0,1,0
0.55,0.72,5,232,4,0,0,0,1,0
0.85,0.55,4,260,2,1,0,0,1,0
0.68,0.51,4,176,4,1,0,0,1,0
0.6,0.62,4,135,2,1,0,0,0,1
0.89,0.67,3,226,3,0,0,0,0,1
0.69,0.87,3,202,2,0,0,0,0,1
0.68,0.85,2,180,6,0,0,0,0,1
0.61,0.87,5,174,4,0,0,0,0,1
0.63,0.5,3,140,2,0,0,0,0,0
0.5,0.96,4,147,3,0,0,0,1,0
0.49,0.74,2,263,3,1,0,0,0,1
0.83,0.55,5,261,5,0,0,0,0,1
0.59,0.71,2,176,2,1,0,0,0,1
0.75,0.93,2,98,5,0,0,0,0,1
0.66,0.48,3,192,3,1,0,0,1,0
0.68,0.51,4,157,3,0,0,0,1,0
0.73,0.58,5,230,3,0,0,0,1,0
0.98,0.53,4,192,2,1,0,0,1,0
0.86,0.65,3,161,3,0,0,0,1,0
0.5,0.55,3,176,3,0,0,0,1,0
0.76,0.76,3,216,3,0,0,0,1,0
0.3,0.47,4,176,2,0,0,0,1,0
0.91,0.59,5,162,2,0,0,0,1,0
0.5,0.68,4,161,3,0,0,0,0,1
0.59,0.83,3,156,2,0,0,0,0,1
0.89,0.69,3,173,3,0,0,0,0,1
0.54,0.49,4,152,3,1,0,0,0,1
0.62,0.85,3,145,3,0,0,0,0,1
0.91,0.85,3,248,3,0,0,0,0,1
0.84,0.99,2,184,2,0,0,0,0,0
0.69,0.65,4,232,2,1,0,0,1,0
0.76,0.63,3,162,2,0,0,0,0,1
0.8,0.54,4,269,3,0,0,0,0,1
0.4,0.47,5,108,3,0,0,0,0,1
0.8,0.99,3,248,3,1,0,0,0,1
0.76,0.4,2,122,5,0,0,0,1,0
0.55,0.9,4,273,2,1,0,0,1,0
0.98,0.63,3,285,6,0,0,0,1,0
0.54,0.56,4,227,3,0,0,0,1,0
0.63,0.56,4,248,2,1,0,0,1,0
0.88,0.63,3,257,3,0,0,0,1,0
0.5,0.95,5,194,3,0,0,0,1,0
0.62,0.9,4,155,4,0,0,0,1,0
0.66,0.63,6,223,6,0,0,0,0,1
0.73,0.41,2,231,6,1,0,0,0,1
0.54,0.64,3,250,3,0,0,0,0,1
0.72,0.68,5,266,4,0,0,0,0,1
0.75,0.64,4,247,3,1,0,0,0,1
0.77,0.57,3,189,2,0,0,0,0,1
0.42,0.94,5,227,5,0,0,0,0,1
0.13,0.69,4,127,4,0,0,0,0,0
0.73,0.88,5,204,5,0,0,0,1,0
0.5,0.95,5,137,3,0,0,0,0,1
0.92,0.62,4,265,3,1,0,0,0,1
0.73,0.66,3,135,2,0,0,0,0,1
0.74,0.38,2,126,3,0,0,0,0,1
0.76,0.78,3,189,2,0,0,0,1,0
0.53,0.92,3,207,4,1,0,0,1,0
0.65,0.72,3,134,3,0,0,0,1,0
0.91,0.85,4,203,2,0,0,0,1,0
0.69,0.76,5,222,3,1,0,0,1,0
0.56,0.66,3,232,2,0,0,0,1,0
0.93,0.98,4,160,3,0,0,0,1,0
0.59,0.81,6,123,5,0,0,0,0,1
0.19,0.51,5,226,3,0,0,0,0,1
0.78,0.95,3,270,2,0,0,0,0,1
0.84,0.74,3,139,3,0,0,0,0,1
0.65,0.77,5,241,2,0,0,0,0,1
0.38,0.43,2,160,6,0,0,0,0,1
0.12,0.47,3,258,5,0,0,0,0,1
0.74,0.81,5,106,5,0,0,0,0,1
0.67,0.82,4,171,2,0,0,0,0,1
0.5,0.79,3,186,3,0,0,0,0,0
0.99,0.39,6,214,5,1,0,0,1,0
0.79,0.89,4,240,3,0,0,0,0,1
0.72,0.51,4,164,3,0,0,0,0,1
0.83,0.57,4,232,3,0,0,0,0,1
0.69,0.55,5,242,2,0,0,0,0,1
0.5,0.89,5,222,3,0,0,0,1,0
0.82,0.84,3,139,2,1,0,0,1,0
0.68,0.56,4,272,3,0,0,0,1,0
0.82,0.69,4,262,2,0,0,0,1,0
0.67,0.61,4,140,2,0,0,0,1,0
0.54,0.58,4,206,3,0,0,0,0,1
0.99,0.76,4,204,2,0,0,0,0,1
0.44,0.9,4,117,3,0,0,0,0,1
0.74,0.48,5,144,3,0,0,0,0,1
0.9,0.77,3,156,3,0,0,0,0,1
0.86,0.58,4,211,4,0,0,0,0,1
0.66,0.52,3,149,4,1,0,0,0,1
0.64,0.96,4,152,5,0,0,0,0,1
0.5,0.59,4,192,2,0,0,0,0,1
0.88,0.68,4,274,4,0,0,0,0,1
0.72,0.47,5,168,6,0,0,0,0,0
0.53,0.53,4,205,3,0,0,0,1,0
0.83,0.77,3,228,3,0,0,0,0,1
0.24,0.52,4,228,5,0,0,0,0,1
0.66,0.75,5,227,3,1,0,0,0,1
0.43,0.63,3,156,3,0,0,0,0,1
0.75,0.66,5,177,2,0,0,0,1,0
0.42,0.89,6,188,5,1,0,0,1,0
0.54,0.74,3,185,4,0,0,0,1,0
0.67,0.68,3,189,3,0,0,0,1,0
0.72,0.53,5,240,2,0,0,0,0,1
0.95,0.66,4,168,2,0,0,0,0,1
0.73,0.55,4,171,4,0,0,0,0,1
0.93,0.7,3,159,2,0,0,0,0,1
0.89,0.61,3,175,4,0,0,0,0,1
0.7,0.97,4,244,3,0,0,0,0,1
0.98,0.57,3,198,3,0,0,0,0,1
0.72,0.65,5,151,3,0,0,0,0,1
0.49,0.69,2,188,4,0,0,0,0,1
0.15,0.85,3,199,2,0,0,0,0,1
0.57,0.96,4,257,3,0,0,0,0,1
0.21,0.81,4,144,4,0,0,0,0,1
0.46,0.57,4,275,3,0,0,0,0,0
0.56,0.52,3,243,3,0,0,0,1,0
0.81,0.66,3,181,2,1,0,0,0,1
0.93,0.59,5,172,3,0,0,0,0,1
0.82,0.97,3,244,5,0,0,0,0,1
0.76,0.51,4,242,3,0,0,0,0,1
0.97,0.81,3,249,2,0,0,0,1,0
0.58,0.66,3,250,5,0,0,0,1,0
0.55,0.92,3,198,3,0,0,0,1,0
0.66,0.76,3,139,5,0,0,0,1,0
0.84,0.41,6,255,6,1,0,0,0,1
0.81,0.8,4,229,2,0,0,0,0,1
0.81,0.69,5,134,2,0,0,0,0,1
0.5,0.75,5,255,3,0,0,0,0,1
0.78,0.68,5,189,3,0,0,0,0,1
0.76,0.74,3,183,3,0,0,0,0,1
0.49,0.71,3,154,2,0,0,0,0,1
0.99,0.61,3,167,3,0,0,0,0,1
0.73,0.48,4,139,5,0,0,0,0,1
0.88,0.74,5,245,2,0,0,0,0,1
0.79,0.91,4,200,3,0,0,0,0,1
0.83,0.98,3,159,2,0,0,0,0,1
0.21,0.44,4,163,6,0,0,0,0,0
0.87,0.52,3,158,2,1,0,0,1,0
1.0,0.89,3,194,3,0,0,0,0,1
0.49,0.98,3,267,3,1,0,0,0,1
0.51,0.63,3,183,2,0,0,0,0,1
0.57,0.6,3,218,3,0,0,0,1,0
0.34,0.63,5,248,3,0,0,0,1,0
0.87,0.75,4,218,2,0,0,0,1,0
0.52,0.96,5,251,2,1,0,0,1,0
0.58,0.91,4,173,4,0,0,0,1,0
0.65,0.51,4,157,3,1,0,0,0,1
0.74,0.59,3,274,3,0,0,0,0,1
0.63,0.7,5,182,3,0,0,0,0,1
0.74,0.74,4,233,2,0,0,0,0,1
0.65,1.0,4,249,3,0,0,0,0,1
0.48,0.94,3,162,3,1,0,0,0,1
0.84,0.75,3,184,3,0,0,0,0,1
0.6,0.62,3,135,2,0,0,0,0,1
0.56,0.57,3,143,2,0,0,0,0,1
0.13,0.8,5,203,5,0,0,0,0,1
0.83,0.51,5,143,4,0,0,0,0,1
0.91,0.42,2,142,3,1,0,0,0,1
0.97,0.97,5,171,2,0,0,0,0,0
0.9,0.96,3,223,4,0,0,0,0,0
0.57,0.87,4,148,3,0,0,0,0,0
0.54,0.61,3,182,2,0,0,0,1,0
0.21,0.57,5,239,3,0,0,0,0,0
0.5,0.56,5,185,2,0,0,0,0,0
0.52,0.54,4,184,3,0,0,0,1,0
0.5,0.7,3,188,2,0,0,0,1,0
0.74,0.86,3,186,3,1,0,0,0,0
0.69,0.63,3,226,3,0,0,0,1,0
0.61,0.74,2,143,6,0,0,0,0,1
0.5,0.82,3,213,3,0,0,0,0,0
0.79,0.53,2,217,2,0,0,0,0,1
0.73,0.68,5,190,2,0,0,0,0,1
0.49,0.69,2,147,2,0,0,0,0,1
0.7,0.77,2,235,3,1,0,0,0,1
0.27,0.62,6,136,3,0,0,0,0,0
0.8,0.54,5,261,2,0,0,0,0,1
0.45,0.6,6,176,4,0,0,0,0,1
0.63,0.64,4,212,4,0,0,0,0,1
0.76,0.52,2,148,3,0,0,0,0,0
0.42,0.74,6,218,6,0,0,0,0,1
0.41,0.87,6,262,6,0,0,0,0,0
0.78,0.96,4,111,2,0,0,0,0,0
0.8,0.93,4,258,3,0,0,0,0,0
0.83,0.82,5,273,4,0,0,0,1,0
0.69,0.53,3,135,2,0,0,0,1,0
0.64,0.83,3,188,4,0,0,0,1,0
0.95,0.52,5,222,2,0,0,0,1,0
0.97,0.52,4,231,3,0,0,0,1,0
0.85,0.86,3,255,2,0,0,0,1,0
0.72,0.51,3,254,2,0,0,0,1,0
0.91,0.85,3,244,3,1,0,0,0,1
0.81,0.83,3,132,4,0,0,0,0,1
0.13,0.67,5,234,6,0,0,0,0,1
0.95,0.81,4,272,3,0,0,0,0,1
0.82,0.54,4,191,3,0,0,0,0,1
0.63,0.93,4,238,4,0,0,0,0,1
0.55,0.69,3,225,2,0,0,0,0,1
0.83,0.95,3,211,2,0,0,0,0,1
0.54,0.98,3,217,3,0,0,0,0,1
0.89,0.91,5,156,4,0,0,0,0,1
0.79,0.55,3,147,3,0,0,0,0,1
0.24,0.48,5,123,5,1,0,0,1,0
0.72,0.73,5,134,2,0,0,0,1,0
0.96,0.75,5,176,4,0,0,0,1,0
0.73,0.73,4,194,2,0,0,0,1,0
0.67,0.44,5,212,4,0,0,0,1,0
0.58,0.72,5,234,3,1,0,0,1,0
0.9,0.99,4,190,2,0,0,0,1,0
0.99,0.37,5,155,3,0,0,0,1,0
0.89,0.58,4,232,2,0,0,0,1,0
0.72,0.95,4,216,3,0,0,0,1,0
0.77,0.8,3,207,3,0,0,0,1,0
0.8,0.94,4,200,4,0,0,0,0,1
0.89,0.86,3,178,4,0,0,0,0,1
0.59,0.81,4,173,2,0,0,0,0,1
0.24,0.87,5,268,5,0,0,0,0,1
0.94,0.59,6,212,2,0,0,0,0,1
0.74,0.5,4,216,3,0,0,0,0,1
0.63,0.62,5,212,6,0,0,0,0,1
0.63,0.59,3,155,3,1,0,0,0,1
0.77,0.65,4,164,2,0,0,0,0,1
0.72,0.96,3,143,3,0,0,0,1,0
0.64,0.86,5,274,2,1,0,0,1,0
0.52,0.44,3,119,2,0,0,0,1,0
0.79,0.67,4,267,3,0,0,0,1,0
0.74,0.89,3,160,2,0,0,0,1,0
0.81,0.84,4,198,2,0,0,0,1,0
0.94,0.6,3,193,3,0,0,0,1,0
0.67,0.84,6,250,2,0,0,0,1,0
0.93,0.84,3,237,4,1,0,0,1,0
0.52,0.96,4,170,2,0,0,0,1,0
0.48,0.74,2,157,2,1,0,0,0,1
0.57,0.92,6,267,4,0,0,0,0,1
0.71,0.77,4,192,4,0,0,0,0,1
0.9,0.74,4,218,2,1,0,0,0,1
0.58,0.61,4,210,3,0,0,0,0,1
0.66,0.48,4,229,4,0,0,0,0,1
0.59,0.66,3,186,3,0,0,0,0,1
0.96,0.5,3,234,2,1,0,0,0,1
0.13,0.91,2,149,5,0,0,0,0,1
0.93,0.92,3,205,3,0,0,0,0,1
1.0,0.53,3,142,3,0,0,0,1,0
0.32,0.97,6,272,2,0,0,0,1,0
0.48,0.5,4,173,3,0,0,0,1,0
0.62,0.42,2,124,2,0,0,0,1,0
0.77,0.86,5,282,4,0,0,0,1,0
0.76,0.8,2,219,4,1,0,0,1,0
0.68,0.41,3,106,6,0,0,0,1,0
0.72,0.79,4,192,4,0,0,0,1,0
0.87,0.91,5,190,2,0,0,0,1,0
0.59,0.57,2,156,2,0,0,0,1,0
0.7,0.64,3,180,2,0,0,0,1,0
0.73,0.81,4,245,2,0,0,0,1,0
0.58,0.62,3,169,2,0,0,0,0,1
0.64,0.66,3,188,4,0,0,0,0,1
0.89,0.66,5,224,2,0,0,0,0,1
0.95,0.71,3,263,2,1,0,0,0,1
0.84,0.9,3,262,2,0,0,0,0,1
0.6,0.99,4,225,3,0,0,0,0,1
0.71,0.63,5,224,3,1,0,0,0,1
0.6,0.95,3,266,3,0,0,0,0,1
0.24,0.7,5,172,4,0,0,0,0,0
0.7,0.7,3,224,3,0,0,0,1,0
0.3,0.71,3,155,2,0,0,0,1,0
0.51,0.52,3,132,3,0,0,0,1,0
0.71,0.87,5,173,3,0,0,0,1,0
0.64,0.67,3,165,3,0,0,0,1,0
0.67,0.66,6,272,3,0,0,0,1,0
0.83,0.94,5,156,3,1,0,0,1,0
0.92,0.96,3,154,2,1,0,0,1,0
0.84,0.53,3,237,3,1,0,0,1,0
0.97,0.75,2,271,6,0,0,0,1,0
0.19,0.91,6,152,3,0,0,0,1,0
0.86,0.51,4,152,3,1,0,0,1,0
0.71,0.69,3,172,3,0,0,0,1,0
0.76,0.56,4,214,2,1,0,0,0,1
0.68,0.88,5,201,3,0,0,0,0,1
0.61,0.99,2,275,3,1,0,0,0,1
0.85,0.79,3,156,3,0,0,0,0,1
0.84,0.89,3,234,2,0,0,0,0,1
0.62,0.63,2,123,2,0,0,0,0,1
0.51,0.5,3,147,4,0,0,0,0,1
0.96,0.53,5,224,4,0,0,0,1,0
0.8,0.58,5,127,3,0,0,0,1,0
0.55,0.77,3,256,3,1,0,0,1,0
0.93,0.63,4,233,2,0,0,0,1,0
0.93,0.86,4,169,4,0,0,0,1,0
0.54,0.48,3,152,2,0,0,0,1,0
0.48,0.76,5,236,2,0,0,0,1,0
0.19,0.99,3,154,2,0,0,0,0,0
0.95,0.71,3,223,2,0,0,0,1,0
0.96,0.81,4,211,3,0,0,0,0,0
0.63,0.89,4,192,2,0,0,0,0,0
0.81,0.8,4,227,2,1,0,0,1,0
0.5,0.88,4,265,3,1,0,0,1,0
0.76,0.72,5,228,2,0,0,0,0,0
0.84,0.49,4,152,3,0,0,0,1,0
0.2,0.95,5,169,5,0,0,0,0,1
0.78,0.92,3,169,3,0,0,0,0,0
0.8,0.68,4,157,3,0,0,0,0,1
0.94,0.57,4,251,2,1,0,0,0,1
0.74,0.98,5,200,3,0,0,0,0,1
0.37,0.88,4,155,3,0,0,0,0,1
0.68,0.55,4,215,4,0,0,0,0,0
0.9,0.51,4,214,2,0,0,0,1,0
0.97,0.65,3,181,3,0,0,0,1,0
0.6,0.77,4,229,2,0,0,0,1,0
0.58,0.79,5,262,2,0,0,0,0,0
0.83,0.86,3,165,3,0,0,0,1,0
0.83,0.73,5,136,3,0,0,0,1,0
0.94,0.71,4,151,2,1,0,0,1,0
0.69,0.9,5,226,4,0,0,0,0,0
0.81,0.81,5,215,2,0,0,0,1,0
0.19,0.5,6,143,5,1,0,0,1,0
0.18,0.64,3,223,4,1,0,0,1,0
0.58,0.63,4,271,3,0,0,0,1,0
0.76,0.65,3,220,3,0,0,0,1,0
0.26,0.47,6,182,4,0,0,0,1,0
0.78,0.87,3,190,3,0,0,0,1,0
0.71,0.56,3,198,3,0,0,0,0,1
0.76,0.61,3,141,2,0,0,0,0,1
0.85,0.82,3,153,3,1,0,0,1,0
0.85,0.55,3,137,3,1,0,0,1,0
0.73,0.78,5,150,3,0,0,0,1,0
0.2,0.49,5,199,5,0,0,0,1,0
0.78,0.79,3,203,2,0,0,0,1,0
0.83,0.8,3,273,3,0,0,0,1,0
0.87,0.56,2,214,3,1,0,0,1,0
0.98,0.99,5,141,3,0,0,0,1,0
1.0,0.81,5,243,3,0,0,0,1,0
0.7,0.55,4,159,3,0,0,0,1,0
0.62,0.88,5,146,3,0,0,0,1,0
0.67,0.72,4,159,2,0,0,0,1,0
0.86,0.96,4,196,3,0,0,0,1,0
0.44,0.57,5,183,2,1,0,0,1,0
0.19,0.86,4,192,4,0,0,0,1,0
0.76,0.83,4,246,2,0,0,0,1,0
0.89,0.93,5,191,4,0,0,0,1,0
0.25,0.97,3,158,3,0,0,0,1,0
0.68,1.0,4,167,2,0,0,0,1,0
0.38,0.5,2,187,2,1,0,0,0,1
0.57,0.56,3,224,2,0,0,0,0,0
0.49,0.67,4,185,2,0,0,0,1,0
0.78,0.95,4,184,3,0,0,0,1,0
0.15,0.74,2,176,3,1,0,0,1,0
0.91,0.89,4,260,3,0,0,0,1,0
0.7,0.78,4,254,4,0,0,0,1,0
0.6,0.95,3,221,3,0,0,0,1,0
0.59,0.57,5,257,2,0,0,0,1,0
0.59,0.93,3,265,3,1,0,0,1,0
0.55,0.64,3,138,3,1,0,0,1,0
0.42,0.75,3,163,2,1,0,0,1,0
0.57,0.81,3,144,3,0,0,0,1,0
0.72,0.51,3,146,2,1,0,0,1,0
0.83,0.81,3,242,6,0,0,0,1,0
0.89,0.93,4,249,3,0,0,0,1,0
0.55,0.59,3,245,3,0,0,0,1,0
0.53,0.75,4,201,2,0,0,0,1,0
0.74,0.59,4,177,4,1,0,0,0,1
0.63,0.98,4,160,2,0,0,0,0,1
0.63,0.4,6,177,2,1,0,0,0,1
0.71,0.96,4,144,4,0,0,0,0,1
0.63,0.56,4,274,5,1,0,0,1,0
0.8,0.66,4,181,3,1,0,0,1,0
0.45,0.72,3,148,2,0,0,0,1,0
0.72,0.54,3,226,2,1,0,0,1,0
0.84,0.36,6,256,5,0,0,0,1,0
0.61,0.51,3,141,2,0,0,0,1,0
0.63,0.88,3,177,3,0,0,0,1,0
0.49,0.54,4,173,2,0,0,0,1,0
0.68,0.51,2,196,3,0,0,0,1,0
0.64,0.85,5,179,2,0,0,0,1,0
0.61,0.64,4,201,3,0,0,0,1,0
0.83,0.55,5,247,3,0,0,0,1,0
0.94,0.51,5,238,2,0,0,0,1,0
0.27,0.66,3,133,6,0,0,0,1,0
0.6,0.49,2,194,4,0,0,0,1,0
0.83,0.69,4,232,2,0,0,0,1,0
0.53,0.75,3,232,3,0,0,0,1,0
0.79,0.97,4,204,3,0,0,0,0,1
0.96,0.49,4,252,3,1,0,0,0,1
0.65,0.57,3,137,4,1,0,0,0,0
0.95,0.59,2,154,4,0,0,0,0,0
0.98,0.8,2,201,2,0,0,0,0,0
0.52,0.8,5,234,3,0,0,0,0,0
1.0,0.97,3,216,3,1,0,0,1,0
0.16,0.74,5,205,4,1,0,0,1,0
0.19,0.83,3,225,4,0,0,0,1,0
0.94,0.87,3,229,3,0,0,0,1,0
0.58,0.43,6,132,3,0,0,0,1,0
0.92,0.69,4,180,3,0,0,0,1,0
0.65,0.8,4,164,4,0,0,0,1,0
0.74,0.74,5,175,3,0,0,0,1,0
0.6,0.53,5,103,2,0,0,0,1,0
1.0,1.0,5,142,4,0,0,0,1,0
0.81,0.96,4,212,3,0,0,0,1,0
0.54,0.67,2,129,3,1,0,0,1,0
0.18,0.81,5,140,4,0,0,0,1,0
0.82,0.88,4,149,2,0,0,0,1,0
0.9,0.96,2,258,2,0,0,0,1,0
0.62,0.62,4,136,2,0,0,0,0,1
0.5,0.58,4,165,2,0,0,0,0,0
0.96,0.84,4,272,4,1,0,0,0,1
0.96,0.5,3,158,2,1,0,0,0,1
0.87,0.53,6,216,6,1,0,0,0,1
0.61,0.9,5,113,3,0,0,0,0,1
0.18,0.6,3,140,4,0,0,0,1,0
0.24,0.77,5,178,5,0,0,0,1,0
0.86,0.48,4,153,3,0,0,0,1,0
0.25,0.62,6,271,5,0,0,0,1,0
0.25,0.82,3,269,5,0,0,0,1,0
0.63,0.55,3,160,3,0,0,0,1,0
0.89,0.68,4,258,2,1,0,0,1,0
0.87,0.82,4,251,3,0,0,0,0,0
0.87,0.78,3,170,2,0,0,0,1,0
0.71,0.99,4,238,4,1,0,0,0,0
0.98,0.87,4,152,2,0,0,0,0,0
0.16,0.51,3,262,6,0,0,0,1,0
0.83,0.68,4,273,2,0,0,0,1,0
0.65,0.77,3,233,2,0,0,0,0,0
0.95,0.64,3,262,3,0,0,0,1,0
0.7,0.84,4,184,3,0,0,0,0,1
0.41,0.61,3,185,2,1,0,0,0,1
0.83,0.77,3,232,2,1,0,0,0,1
0.88,0.72,3,200,2,1,0,0,0,1
0.56,0.66,5,155,2,0,0,0,0,1
0.53,0.72,3,228,3,0,0,0,0,1
0.8,0.41,3,188,4,0,0,0,0,0
0.95,0.78,4,245,3,0,0,0,1,0
0.9,0.88,4,205,2,0,0,0,1,0
0.5,0.97,4,269,3,0,0,0,1,0
0.4,0.59,3,207,6,0,0,0,0,0
0.52,0.85,3,250,4,0,0,0,1,0
0.51,0.5,5,251,3,1,0,0,1,0
0.84,0.62,5,217,3,0,0,0,1,0
0.78,0.98,5,252,3,0,0,0,0,0
0.91,0.71,2,159,3,1,0,0,1,0
0.59,0.71,5,169,2,0,0,0,1,0
0.69,0.97,5,105,4,0,0,0,1,0
0.87,0.93,4,268,2,0,0,0,1,0
0.66,1.0,5,145,2,0,0,0,1,0
0.72,0.74,3,187,2,0,0,0,0,1
0.72,0.8,3,158,3,0,0,0,0,1
0.76,0.98,4,173,3,1,0,0,1,0
0.85,0.72,3,201,3,0,0,0,1,0
0.82,0.49,5,185,3,0,0,0,1,0
0.6,0.93,5,270,3,1,0,0,1,0
0.39,0.64,3,152,2,0,0,0,1,0
0.83,0.53,3,211,4,1,0,0,1,0
0.7,0.92,3,162,3,1,0,0,1,0
0.84,0.97,4,253,2,1,0,0,1,0
0.9,0.77,4,236,3,0,0,0,1,0
0.18,0.84,4,231,5,0,0,0,1,0
0.52,0.71,2,231,2,0,0,0,1,0
0.87,0.51,4,233,3,0,0,0,1,0
0.6,0.79,5,217,2,0,0,0,1,0
0.72,0.93,4,174,2,0,0,0,1,0
0.48,0.64,4,227,3,0,0,0,1,0
0.75,0.53,3,222,2,0,0,0,1,0
0.85,0.55,2,207,6,0,0,0,1,0
0.39,0.41,6,115,3,0,0,0,1,0
0.76,0.57,5,139,4,0,0,0,0,1
0.98,0.84,4,182,3,0,0,0,0,1
0.72,0.72,3,217,2,0,0,0,0,1
0.71,0.62,4,192,4,0,0,0,0,1
0.36,0.65,3,116,2,1,0,0,1,0
0.55,0.65,4,170,4,0,0,0,1,0
0.64,0.52,3,223,3,0,0,0,1,0
0.62,0.57,3,174,2,0,0,0,1,0
1.0,0.95,3,193,6,0,0,0,1,0
0.91,0.91,6,167,2,1,0,0,1,0
0.81,0.67,4,225,3,0,0,0,1,0
0.71,0.92,4,248,3,1,0,0,1,0
0.97,0.74,3,104,5,0,0,0,1,0
0.75,0.86,6,148,4,0,0,0,1,0
0.68,1.0,3,148,4,1,0,0,1,0
0.87,0.68,5,187,3,0,0,0,1,0
0.96,0.57,3,151,2,0,0,0,1,0
0.41,0.86,6,215,5,0,0,0,1,0
0.81,0.61,4,142,4,0,0,0,1,0
0.68,1.0,6,258,5,0,0,0,1,0
0.77,0.79,3,157,3,0,0,1,0,1
0.21,0.87,4,148,5,0,0,0,0,1
0.77,0.77,3,219,2,0,0,0,0,1
0.53,0.73,4,147,3,0,0,0,1,0
0.89,0.49,5,165,6,0,0,0,1,0
0.25,0.59,4,218,3,1,0,0,1,0
0.53,0.59,3,231,2,0,0,0,1,0
0.44,0.45,2,124,3,0,0,0,1,0
0.7,0.44,2,131,2,0,0,0,1,0
0.54,0.76,3,199,4,0,0,0,1,0
0.9,0.56,3,220,3,0,0,0,1,0
0.69,0.8,5,215,3,0,0,0,1,0
0.78,0.59,4,180,3,0,0,0,1,0
0.91,0.49,6,272,6,0,0,0,1,0
0.92,0.61,2,228,2,0,0,0,1,0
0.96,0.88,3,168,2,0,0,0,1,0
0.8,0.77,4,205,2,0,0,0,1,0
0.52,0.67,3,244,3,0,0,0,1,0
0.52,0.97,3,185,2,0,0,0,1,0
0.93,0.96,5,135,3,1,0,0,1,0
0.52,0.91,4,187,2,0,0,0,0,1
0.99,0.91,3,241,2,0,0,0,0,0
0.69,0.84,3,227,3,1,0,0,0,0
0.88,0.59,5,147,4,0,0,0,0,0
0.89,0.9,3,240,3,0,0,0,0,0
0.8,0.58,4,238,2,0,0,0,0,0
0.22,0.89,4,262,4,0,0,0,0,0
0.87,0.83,4,215,2,0,0,0,0,0
0.66,0.66,3,211,4,0,0,0,0,0
0.9,0.68,3,156,3,1,0,0,0,0
0.95,0.54,4,180,5,0,0,0,0,0
0.49,0.56,4,260,6,0,0,0,1,0
0.71,0.68,4,228,2,0,0,0,1,0
0.2,0.96,2,249,3,0,0,0,1,0
0.95,0.64,3,242,5,1,0,0,1,0
0.68,0.8,2,254,2,1,0,0,1,0
0.93,0.68,3,272,2,1,0,0,1,0
0.85,0.57,5,210,3,0,0,0,1,0
0.82,0.68,3,140,2,0,0,0,1,0
0.87,0.42,5,252,5,0,0,0,1,0
0.95,0.76,3,236,2,1,0,0,0,1
0.63,0.93,3,236,4,0,0,0,0,0
0.87,0.62,5,197,2,0,0,0,1,0
0.62,0.87,6,169,2,1,0,0,0,1
0.53,0.9,3,210,3,0,0,0,0,1
0.94,0.83,4,156,2,0,0,0,0,1
0.94,0.55,5,231,2,0,0,0,0,1
0.55,0.64,3,101,2,1,0,0,0,1
0.58,0.72,4,259,3,0,0,0,0,1
0.98,0.88,5,203,5,1,0,0,0,1
0.74,0.76,5,255,4,0,0,0,0,1
0.65,0.48,3,131,3,1,0,0,0,1
0.97,0.79,2,272,2,0,0,0,0,1
0.58,0.75,4,253,2,0,0,0,1,0
0.49,0.77,2,254,2,0,0,0,1,0
0.69,0.98,3,214,2,0,0,0,1,0
0.55,0.49,5,195,3,0,0,0,1,0
0.65,0.89,4,240,3,0,0,0,1,0
0.87,0.49,4,149,2,0,0,0,1,0
0.12,0.7,4,276,4,0,0,0,1,0
0.56,0.54,4,191,2,1,0,1,0,1
0.61,0.5,4,271,3,1,0,0,0,1
0.5,0.74,4,165,2,1,0,0,0,1
0.78,0.54,5,257,3,0,0,0,0,0
0.61,0.68,4,244,3,0,0,0,1,0
0.48,0.5,4,179,3,0,0,0,0,1
0.93,0.92,3,248,2,0,0,0,0,1
0.78,0.58,3,224,2,0,0,0,0,1
0.92,0.99,5,236,4,0,0,0,0,1
0.71,0.98,5,213,3,0,0,0,0,1
0.15,0.42,4,238,3,0,0,0,0,1
0.14,0.83,5,153,5,1,0,0,0,1
0.56,0.72,4,247,2,0,0,0,0,1
1.0,0.84,3,154,3,0,0,0,0,1
0.77,0.82,3,147,4,0,0,0,0,0
0.86,0.66,3,150,2,0,0,0,1,0
0.88,0.95,3,137,3,0,0,0,1,0
0.85,0.84,5,179,3,0,0,0,1,0
0.95,0.56,5,194,2,0,0,0,0,0
0.65,0.65,4,224,3,0,0,0,1,0
0.86,0.53,4,160,2,1,0,0,0,1
0.41,0.68,4,273,3,0,0,0,0,1
0.5,0.43,3,184,2,0,0,0,0,1
0.8,0.91,3,202,2,0,0,0,0,1
0.67,0.83,4,195,3,0,0,0,0,1
0.71,0.88,4,266,3,0,0,0,0,0
0.66,0.85,3,266,5,0,0,0,1,0
0.77,0.74,5,263,2,0,0,0,0,1
0.62,0.54,3,142,2,0,0,0,0,1
0.95,0.53,4,162,3,0,0,0,0,1
0.89,0.75,5,258,2,0,0,0,0,1
0.74,0.83,4,170,2,0,0,0,1,0
0.19,0.8,4,249,5,0,0,0,1,0
0.83,0.77,3,171,3,0,0,0,1,0
0.53,0.64,2,177,4,0,0,0,1,0
0.98,0.75,5,188,2,0,0,0,1,0
0.74,0.99,5,146,2,0,0,0,1,0
0.22,0.88,5,154,5,0,0,0,1,0
0.76,0.68,4,204,3,1,0,0,1,0
0.89,0.91,5,224,3,1,0,0,1,0
0.7,0.74,4,247,2,0,0,0,1,0
0.9,0.78,4,261,2,1,0,0,0,1
0.5,0.4,3,180,4,0,0,0,0,1
0.68,0.61,3,261,5,0,0,0,0,1
0.5,0.78,6,138,3,0,0,0,0,1
0.85,0.81,4,164,4,0,0,0,0,1
0.95,0.52,3,144,3,0,0,0,0,1
0.92,0.92,3,244,2,0,0,0,0,0
0.83,0.87,5,233,3,0,0,0,1,0
0.9,0.78,4,225,2,1,0,0,0,1
0.21,0.77,6,215,4,0,0,0,0,1
0.94,0.86,3,223,4,0,0,0,0,1
0.7,0.85,4,232,3,0,0,0,0,1
0.54,0.76,3,157,4,0,0,0,1,0
0.77,0.65,4,268,3,0,0,0,1,0
0.62,0.49,3,158,2,0,0,0,1,0
0.93,0.55,5,222,2,0,0,0,1,0
0.81,0.86,3,210,3,0,0,0,1,0
0.99,0.79,4,133,2,0,0,0,1,0
0.78,0.49,3,224,3,0,0,0,1,0
0.84,0.96,3,161,2,1,0,0,1,0
0.89,0.88,3,165,4,0,0,0,0,1
0.74,0.59,2,257,4,1,0,0,0,1
0.63,0.74,4,155,2,0,0,0,0,1
0.63,0.8,4,243,2,0,0,0,0,1
0.68,0.92,2,184,4,0,0,0,0,1
0.14,0.81,4,138,3,1,0,0,0,0
0.86,0.94,5,209,4,0,0,0,1,0
0.73,0.53,3,205,2,0,0,0,0,1
0.57,0.56,3,191,3,0,0,0,0,1
0.97,0.75,5,270,3,1,0,0,0,1
0.67,0.36,4,97,4,0,0,0,0,1
0.89,0.74,4,174,2,0,0,0,1,0
0.8,0.96,5,124,3,0,0,0,1,0
0.3,0.51,2,178,3,0,0,0,1,0
0.14,0.73,5,266,6,0,0,0,1,0
0.91,0.8,4,181,3,0,0,0,1,0
0.49,0.81,4,233,3,0,0,0,1,0
0.57,0.68,3,254,4,0,0,0,1,0
0.59,0.62,3,219,3,0,0,0,1,0
0.96,0.68,4,137,2,0,0,1,0,1
0.41,0.58,5,274,2,1,0,0,0,1
0.53,0.7,3,138,2,0,0,0,0,1
0.93,0.6,4,184,3,0,0,0,0,1
0.58,0.9,3,151,3,0,0,0,0,1
0.6,0.54,3,265,3,1,0,0,0,1
0.74,0.8,4,241,2,0,0,0,0,1
0.62,0.52,3,148,3,0,0,0,0,1
0.7,0.76,5,165,3,0,0,0,0,1
0.93,0.75,3,243,2,0,0,0,0,1
0.75,0.9,4,197,2,0,0,0,0,1
0.95,0.48,5,214,6,1,0,1,0,1
0.43,0.98,4,164,3,0,0,1,0,1
0.77,0.58,4,243,4,1,0,1,0,1
0.67,1.0,4,145,3,1,0,1,0,1
0.51,0.72,4,163,4,0,0,1,0,1
0.94,0.53,5,257,2,0,0,1,0,1
0.9,0.85,3,253,3,0,0,0,0,1
0.8,0.78,4,234,3,0,0,0,0,1
0.34,0.89,5,266,6,0,0,0,0,1
0.93,0.61,3,166,3,0,0,0,0,1
0.9,0.67,4,233,3,0,0,1,0,1
0.67,0.71,5,265,2,0,0,1,0,1
0.79,0.73,4,226,3,0,0,0,0,1
0.23,0.48,5,221,6,0,0,0,0,1
0.98,0.99,3,253,4,0,0,0,0,1
0.8,0.75,3,134,4,0,0,0,0,1
0.77,0.84,3,188,4,0,0,0,0,1
1.0,0.91,3,160,4,0,0,0,0,1
0.6,0.92,4,164,4,0,0,0,0,1
0.49,0.54,6,214,3,0,0,0,0,0
0.91,0.99,5,228,4,1,0,0,1,0
0.97,0.52,5,149,3,1,0,0,0,1
0.71,0.76,3,175,2,0,0,0,0,1
0.62,0.91,3,195,3,0,0,0,0,1
0.61,0.92,3,222,4,0,0,0,0,1
0.21,0.6,5,249,4,0,0,0,0,1
0.64,0.97,2,226,3,1,0,0,0,1
0.61,0.65,2,117,2,1,0,0,0,1
0.58,0.75,4,255,3,0,0,0,0,1
0.97,0.86,3,187,2,0,0,0,1,0
0.79,0.59,2,157,6,0,0,0,0,0
0.93,0.62,4,258,3,0,0,0,0,1
0.34,0.87,4,283,2,0,0,0,0,0
0.77,0.52,4,216,3,0,0,0,0,1
0.36,0.73,3,187,3,0,0,0,0,1
0.93,0.58,3,215,3,0,0,0,0,1
0.7,0.58,3,211,3,0,0,0,0,1
0.51,0.49,4,182,2,0,0,0,0,1
0.83,0.78,3,165,3,1,0,0,0,1
0.89,0.89,4,265,2,0,0,0,0,1
0.94,0.59,3,137,2,0,0,0,0,1
0.8,0.55,4,269,3,0,0,0,0,0
0.74,0.66,3,177,2,0,0,0,1,0
0.5,0.91,3,240,2,0,0,0,0,1
0.54,0.84,4,174,2,0,0,0,0,1
0.5,0.54,3,134,3,0,0,0,0,1
0.17,0.91,2,271,4,0,0,0,0,1
0.57,0.53,5,216,2,1,0,0,0,1
0.8,0.51,4,213,3,0,0,0,0,1
0.8,0.99,3,158,3,0,0,0,1,0
0.95,0.73,3,243,3,1,0,0,0,1
0.93,0.88,4,261,4,0,0,0,0,1
0.86,0.81,4,179,3,0,0,0,0,1
0.67,0.93,5,133,2,0,0,0,0,1
0.73,0.6,4,224,3,0,0,0,0,1
0.62,0.92,4,198,2,0,0,0,0,1
0.53,0.81,5,135,2,0,0,0,0,1
0.68,0.68,3,143,3,0,0,0,0,1
0.69,0.55,4,234,2,0,0,0,0,1
0.66,0.92,3,177,3,0,0,0,0,1
0.98,0.56,5,180,3,0,0,0,0,1
0.57,0.39,3,193,6,0,0,0,0,1
0.64,0.78,5,148,4,0,0,0,0,0
0.71,0.58,3,194,4,0,0,0,1,0
0.94,0.7,3,271,4,0,0,0,0,1
0.8,0.85,3,135,2,0,0,0,0,1
0.59,0.94,4,136,2,0,0,0,0,1
0.95,0.7,6,243,3,0,0,0,0,1
1.0,0.39,2,210,5,0,0,0,1,0
0.74,0.79,3,275,3,0,0,0,1,0
0.76,0.97,3,271,3,0,0,0,1,0
0.89,0.69,4,137,3,0,0,0,0,1
0.73,0.5,3,208,2,0,0,0,0,1
0.65,0.7,3,231,3,0,0,0,0,1
0.14,0.96,3,196,5,1,0,0,0,1
0.3,0.47,2,159,4,0,0,0,0,1
0.53,0.82,5,184,3,0,0,0,0,1
0.66,0.89,3,257,3,0,0,0,0,1
0.84,0.59,3,234,2,0,0,0,0,1
0.74,0.97,3,239,4,1,0,0,0,1
0.56,0.4,2,255,3,0,0,0,0,1
0.42,0.47,4,146,3,1,0,0,0,1
0.29,0.8,5,103,6,0,0,0,0,1
0.54,0.72,5,206,4,0,0,0,0,0
0.8,0.52,3,253,2,1,0,0,1,0
0.89,0.93,4,245,4,0,0,0,0,1
0.92,0.58,3,261,3,1,0,0,0,1
0.87,0.68,4,217,3,0,0,0,0,1
0.76,0.82,4,172,3,1,0,0,0,1
0.7,0.6,3,183,3,0,0,0,1,0
0.57,0.43,3,167,3,0,0,0,0,1
0.57,0.61,5,191,4,0,0,0,0,1
0.48,0.97,3,224,6,0,0,0,0,1
0.7,0.95,5,234,6,1,0,0,0,1
0.68,0.43,3,161,2,1,0,0,0,1
0.62,0.68,3,124,3,0,0,0,0,1
0.61,0.51,4,242,3,0,0,0,0,1
0.83,0.77,2,186,2,0,0,0,0,1
0.99,0.8,5,254,5,0,0,0,0,1
0.58,0.72,4,170,2,0,0,0,0,1
0.93,0.83,4,225,2,0,0,0,0,1
0.66,0.5,4,263,3,0,0,0,0,0
0.52,0.98,4,148,3,0,0,0,1,0
0.5,0.6,5,216,3,0,0,0,0,1
0.16,0.7,5,257,4,0,0,0,0,1
0.62,0.74,4,173,2,0,0,0,0,1
0.49,0.49,6,188,3,0,0,0,0,1
0.56,0.91,4,188,2,1,0,0,1,0
0.96,0.59,4,108,6,0,0,0,1,0
0.3,0.61,3,138,5,0,0,0,0,1
0.65,0.94,4,174,3,0,0,0,0,1
0.92,0.81,3,196,2,0,0,0,0,1
0.88,0.76,3,223,3,0,0,0,0,1
0.99,0.86,3,198,3,0,0,0,0,1
0.96,0.93,5,141,2,1,0,0,0,1
0.55,0.85,4,273,2,0,0,0,0,1
0.71,0.94,4,209,3,0,0,0,0,1
0.72,0.68,3,135,4,0,0,0,0,1
0.23,0.5,5,100,3,0,0,0,0,1
0.78,0.61,3,193,3,0,0,0,0,1
0.82,0.61,3,229,2,0,0,0,0,1
0.49,0.74,4,104,4,0,0,0,0,1
0.96,0.82,4,201,2,0,0,0,0,0
0.5,0.78,3,206,3,1,0,1,0,0
0.98,0.57,5,141,3,0,0,1,0,0
0.85,0.57,4,150,3,0,0,1,0,0
0.72,0.75,3,166,3,0,0,1,0,0
0.78,0.83,4,252,2,0,0,1,0,0
0.62,0.43,2,106,2,0,0,1,0,0
0.22,0.65,6,212,4,0,0,0,0,1
0.66,0.99,4,209,3,0,0,0,0,1
0.58,0.5,3,144,3,0,0,0,0,1
0.23,0.96,2,234,4,0,0,0,0,1
0.86,0.77,5,230,2,0,0,0,0,1
0.81,0.99,2,156,5,0,0,0,0,1
0.75,0.54,6,138,4,1,0,0,0,1
0.49,0.89,2,233,4,1,0,0,0,1
0.31,0.5,3,262,5,0,0,0,0,1
0.83,0.75,6,215,5,0,0,0,0,1
0.7,0.55,4,227,3,0,0,0,0,1
0.49,0.99,3,199,3,0,0,0,0,1
0.57,0.92,3,238,2,0,0,0,0,1
0.37,0.45,6,100,5,1,0,0,0,1
0.69,0.75,3,179,2,1,0,0,0,0
0.62,0.98,4,107,2,0,0,0,1,0
0.5,0.68,4,274,4,0,0,0,0,1
0.81,0.73,4,272,2,0,0,0,0,1
0.2,0.41,6,264,3,0,0,0,0,1
0.22,0.58,2,255,5,0,0,0,0,1
0.99,0.82,6,185,4,1,0,0,0,0
0.75,0.55,3,162,3,0,0,0,1,0
0.93,0.82,5,272,3,0,0,0,0,0
0.75,0.52,3,260,3,1,0,0,1,0
0.45,0.55,3,151,3,0,0,0,0,1
0.44,0.87,2,140,4,0,0,0,0,0
0.55,0.9,5,237,3,0,0,0,0,1
0.78,0.56,5,252,2,0,0,0,0,0
0.5,0.52,4,178,3,0,0,0,0,1
0.96,0.66,4,268,3,0,0,0,0,1
0.72,0.53,5,244,4,0,0,0,0,1
0.77,0.55,3,225,3,0,0,0,0,1
0.89,0.94,5,223,3,0,0,0,0,1
0.58,0.79,4,149,6,0,0,0,0,1
0.75,0.96,5,190,3,0,0,0,0,1
0.77,0.8,4,167,3,0,0,0,0,1
0.76,0.87,4,161,3,0,0,0,0,0
0.87,0.76,4,218,2,0,0,0,1,0
0.95,0.74,3,212,3,0,0,0,0,1
0.73,0.54,3,150,3,0,0,0,0,1
0.83,0.64,2,192,2,0,0,0,1,0
0.56,0.73,4,226,2,0,0,0,1,0
0.72,0.89,3,221,3,0,0,0,1,0
0.81,0.49,2,205,5,1,0,0,1,0
0.54,0.68,3,158,3,0,0,0,1,0
0.91,0.87,3,199,3,0,0,0,0,1
0.51,0.96,3,192,3,0,0,0,0,1
0.59,0.39,4,190,5,0,0,0,0,1
0.64,0.86,5,222,3,0,0,0,0,1
0.95,0.68,5,225,3,0,0,0,0,1
0.75,0.69,3,274,2,0,0,0,0,1
0.44,0.38,3,197,2,0,0,0,0,1
0.55,0.6,4,176,3,0,0,0,0,1
0.6,0.81,3,226,2,0,0,0,0,1
0.84,0.58,5,186,2,0,0,0,0,1
0.49,0.65,3,226,3,0,0,0,0,1
0.75,0.71,4,209,3,0,0,0,0,1
0.35,0.81,5,182,5,0,0,0,0,0
0.68,0.78,3,232,3,0,0,0,1,0
0.52,0.53,2,286,3,0,0,0,0,1
0.74,0.67,4,158,3,0,0,0,1,0
0.55,0.7,3,237,4,0,0,0,1,0
0.44,0.99,5,119,2,0,0,0,1,0
0.95,0.67,4,227,3,0,0,0,1,0
0.76,0.65,4,195,3,0,0,0,1,0
0.94,0.7,6,217,5,0,0,0,1,0
0.85,0.5,4,267,3,0,0,0,1,0
0.57,0.62,3,154,2,0,0,0,0,1
0.67,0.49,5,161,2,0,0,0,0,1
0.7,0.67,3,179,3,1,0,0,0,1
0.67,0.55,4,214,3,1,0,0,0,1
0.72,0.84,3,167,3,0,0,0,0,1
0.71,0.53,6,203,3,0,0,0,0,1
0.51,0.8,4,231,3,0,0,0,0,1
0.98,0.65,4,263,2,1,0,0,0,1
0.52,0.83,2,227,4,0,0,0,0,1
0.21,0.9,4,235,4,0,0,0,0,1
0.43,0.93,6,127,3,1,0,0,0,1
0.91,0.62,4,158,3,1,0,0,0,1
0.74,0.85,4,105,5,0,0,0,0,0
0.74,0.56,3,203,3,0,0,0,1,0
0.97,0.93,2,270,4,0,0,0,1,0
0.74,0.51,5,258,2,0,0,0,1,0
0.14,0.52,4,108,6,0,0,0,1,0
0.3,0.67,3,232,3,0,0,0,1,0
0.74,0.89,4,149,2,0,0,0,1,0
0.85,0.48,4,214,3,0,0,0,0,1
0.69,0.65,4,136,2,0,0,0,0,1
0.6,0.95,4,164,4,0,0,0,0,1
0.53,0.85,3,236,6,0,0,0,0,1
0.94,0.88,3,270,3,0,0,0,0,1
0.57,0.63,5,156,4,0,0,0,0,1
0.2,0.73,3,250,5,0,0,0,0,1
0.82,0.92,4,196,3,0,0,0,0,1
0.62,0.92,5,169,2,0,0,0,0,1
0.88,0.59,2,144,3,0,0,0,0,1
0.82,0.62,4,160,3,0,0,0,0,1
0.62,0.91,3,142,6,1,0,0,0,1
0.74,0.48,5,165,2,0,0,0,0,0
0.91,0.66,4,163,3,0,0,0,1,0
0.7,0.98,3,215,2,0,0,0,1,0
0.62,0.55,3,108,2,1,0,0,0,1
0.15,0.67,6,195,2,0,0,0,0,1
0.82,0.68,3,160,4,0,0,0,0,1
0.7,0.48,5,273,2,0,0,0,0,1
0.18,0.39,2,177,6,0,0,0,0,1
0.99,0.59,3,163,2,0,0,0,0,1
0.22,0.9,4,106,2,0,0,0,0,1
0.61,0.83,5,236,2,0,0,0,0,1
0.78,0.91,3,132,2,0,0,0,0,1
0.84,0.61,3,253,2,0,0,0,0,1
0.87,0.74,4,151,4,0,0,0,0,1
0.73,0.9,4,266,3,0,0,0,0,1
0.7,0.86,3,141,2,1,0,0,0,1
0.98,0.71,5,217,3,0,0,0,0,1
0.85,0.49,3,258,3,0,0,0,0,1
0.56,0.83,5,275,2,0,0,0,0,1
0.48,0.62,4,210,2,0,0,0,0,1
0.65,0.7,3,243,3,0,0,0,0,1
0.84,0.59,3,234,3,1,0,0,0,1
0.23,0.88,5,156,4,0,0,0,1,0
0.34,0.71,2,160,3,1,0,0,0,1
0.58,0.48,5,251,3,0,0,0,0,1
0.96,0.68,5,145,3,1,0,0,0,1
0.72,0.76,3,269,3,1,0,0,0,1
0.58,0.62,3,213,2,0,0,0,0,1
0.39,0.67,6,276,6,0,0,0,0,1
0.24,0.57,5,232,3,0,0,0,0,1
0.64,0.73,4,184,3,0,0,0,0,1
0.98,0.55,3,260,3,0,0,0,0,1
0.64,0.99,3,214,2,0,0,0,0,1
0.56,0.41,2,194,2,0,0,0,0,1
0.53,0.74,5,181,2,0,0,0,0,1
0.62,0.57,4,215,3,0,0,0,0,1
0.85,0.69,3,194,4,0,0,0,0,1
0.76,0.85,4,190,3,0,0,0,0,1
0.69,0.5,3,260,4,0,0,0,0,1
0.35,0.67,2,171,3,0,0,0,0,1
0.54,0.47,2,193,4,0,0,0,0,1
0.63,0.49,3,252,3,0,0,0,0,1
0.62,0.92,3,228,2,0,0,0,1,0
0.63,0.86,4,169,2,0,0,0,0,0
0.45,0.75,4,169,2,0,0,0,1,0
0.9,0.6,3,268,3,0,0,0,1,0
0.15,0.87,4,194,4,0,0,0,1,0
0.75,0.86,3,249,3,0,0,0,1,0
0.14,0.52,4,122,2,0,0,0,0,0
0.5,0.94,5,176,4,0,0,0,1,0
0.45,0.45,4,168,2,0,0,0,1,0
0.86,0.92,3,260,2,0,0,0,1,0
0.52,0.62,3,179,3,0,0,0,0,0
0.79,0.48,5,200,3,0,0,0,1,0
0.47,0.56,4,165,3,0,0,0,0,1
0.76,0.64,4,144,2,0,0,0,0,0
0.52,0.72,4,186,2,0,0,0,0,1
0.84,0.54,4,156,4,0,0,0,0,0
0.5,0.7,4,162,2,0,0,0,0,1
0.52,0.63,3,269,2,0,0,0,0,1
0.76,0.37,3,127,4,0,0,0,0,1
0.59,0.58,2,267,3,0,0,0,0,1
0.74,0.62,3,216,3,1,0,0,1,0
1.0,0.67,3,199,4,0,0,0,1,0
0.98,0.63,3,135,3,0,0,0,1,0
0.73,0.97,3,165,2,0,0,0,1,0
0.67,0.72,3,180,3,0,0,0,1,0
0.9,0.74,3,227,3,0,0,0,1,0
0.54,0.53,3,251,2,0,0,0,1,0
0.15,0.39,5,229,4,0,0,0,1,0
0.58,0.54,4,199,2,0,0,0,1,0
0.81,0.51,4,271,2,0,0,0,1,0
0.17,0.51,5,221,3,0,0,0,1,0
0.68,0.73,4,251,3,0,0,0,1,0
0.68,0.49,4,153,4,0,0,0,1,0
0.7,0.93,4,241,3,0,0,0,1,0
0.49,0.68,4,201,4,0,0,0,0,1
0.55,0.96,4,267,3,0,0,0,0,1
0.48,0.84,3,146,2,1,0,0,0,1
0.63,0.98,4,210,3,0,0,0,0,1
0.83,0.69,4,233,2,0,0,0,0,1
0.48,0.87,3,221,2,0,0,0,0,1
0.91,0.68,4,178,3,1,0,0,0,1
0.66,0.69,5,202,6,0,0,0,1,0
0.96,0.51,4,237,3,0,0,0,1,0
0.49,0.69,4,270,3,0,0,0,1,0
0.73,0.49,3,168,2,1,0,0,1,0
0.48,0.98,5,132,4,0,0,0,1,0
0.57,0.78,3,162,2,0,0,0,1,0
0.63,0.82,3,269,3,0,0,0,1,0
0.46,0.87,5,254,5,1,0,0,1,0
0.64,0.5,3,261,2,0,0,0,1,0
0.56,0.73,4,148,3,0,0,0,1,0
0.97,0.75,5,228,4,0,0,0,1,0
0.69,0.68,3,138,3,0,0,0,1,0
0.23,0.97,4,200,3,0,0,0,1,0
0.77,0.48,4,258,4,1,0,0,1,0
0.76,0.57,4,266,3,0,0,0,1,0
0.98,0.66,3,204,2,0,0,0,0,1
0.92,0.77,3,236,3,0,0,0,0,1
0.63,0.67,4,149,3,1,0,0,0,1
0.91,0.69,5,240,3,0,0,0,0,1
0.8,0.81,5,143,2,0,0,0,0,1
0.66,0.96,4,216,3,0,0,0,1,0
0.63,0.79,3,197,3,1,0,0,1,0
0.69,0.56,2,214,2,0,0,0,1,0
0.49,0.59,3,185,3,0,0,0,1,0
0.6,0.45,3,173,2,0,0,0,1,0
0.5,0.63,4,229,4,0,0,0,1,0
0.34,0.81,4,116,3,1,0,0,1,0
0.79,0.6,5,223,3,0,0,0,1,0
0.98,0.68,4,154,3,0,0,0,1,0
0.96,0.97,5,240,2,0,0,0,1,0
0.88,0.89,3,139,2,0,0,0,1,0
0.6,0.61,2,275,2,0,0,0,1,0
0.62,0.73,3,158,3,1,0,0,1,0
0.4,0.72,3,204,4,1,0,0,1,0
0.16,0.82,5,121,2,0,0,0,0,1
0.81,0.98,5,243,6,0,0,0,0,1
0.69,0.69,4,195,2,0,0,0,0,1
0.66,0.51,5,149,3,0,0,0,0,1
0.66,0.62,5,214,2,0,0,0,0,1
0.59,0.75,4,190,2,0,0,0,0,1
0.15,0.48,6,204,6,1,0,0,1,0
0.68,0.54,3,270,4,1,0,0,1,0
0.24,0.91,5,177,5,0,0,0,1,0
0.77,0.59,4,140,3,0,0,0,0,1
0.36,0.69,3,165,3,0,0,0,0,1
0.5,0.89,3,187,4,1,0,0,0,1
0.2,0.98,4,166,4,1,0,0,0,1
0.86,0.56,5,141,2,0,0,0,0,1
0.84,0.63,4,135,2,0,0,0,0,1
0.9,0.98,5,148,4,0,0,0,0,1
0.4,0.51,3,120,6,0,0,0,0,1
0.63,0.62,3,141,3,0,0,0,0,1
0.73,0.95,3,222,4,0,0,0,0,1
0.25,0.67,2,136,6,0,0,0,0,1
0.7,0.57,3,180,2,0,0,0,0,1
0.6,0.97,3,187,3,1,0,0,0,1
0.99,0.66,3,202,3,0,0,0,0,1
0.29,0.86,3,251,4,0,0,0,0,1
0.53,0.63,4,259,2,0,0,0,0,1
0.54,0.55,4,208,5,0,0,0,0,0
0.6,0.71,3,195,2,0,0,0,1,0
0.86,0.87,5,156,4,0,0,0,1,0
0.5,0.55,2,128,3,0,0,0,1,0
0.6,0.75,5,233,3,1,0,0,1,0
0.85,0.73,4,260,4,0,0,0,1,0
0.4,0.87,5,250,4,0,0,0,1,0
0.38,0.79,5,176,3,0,0,0,1,0
0.96,0.59,6,133,5,0,0,0,0,1
0.59,0.57,4,197,2,0,0,0,0,1
0.56,0.5,3,156,3,1,0,0,0,1
0.84,0.96,3,162,3,0,0,0,0,1
0.94,0.99,3,207,2,0,0,0,0,1
0.72,0.63,3,223,2,1,0,0,0,1
0.82,0.7,3,149,2,0,0,0,0,1
1.0,0.95,3,275,3,1,0,0,0,1
0.62,0.77,3,271,2,0,0,0,0,1
0.76,0.89,3,273,2,1,0,0,0,1
0.23,0.74,5,219,4,0,0,0,0,1
0.7,0.99,5,135,4,0,0,0,0,1
0.78,0.54,3,134,3,0,0,0,0,1
0.5,0.53,3,207,4,0,0,0,1,0
0.36,0.74,6,280,3,0,0,0,1,0
0.57,0.65,4,162,3,1,0,0,1,0
0.73,0.55,4,267,3,0,0,0,1,0
0.77,0.67,5,207,2,0,0,0,1,0
0.86,0.5,4,196,2,0,0,0,1,0
0.24,0.55,6,231,4,0,0,0,1,0
0.83,0.62,4,242,3,0,0,0,1,0
0.72,0.63,4,207,3,0,0,0,1,0
0.52,0.82,4,206,2,1,0,0,0,0
0.99,0.54,4,236,4,0,0,0,1,0
0.15,0.68,5,246,2,0,0,0,1,0
0.79,0.94,3,204,2,1,0,0,1,0
0.19,0.91,3,268,4,0,0,0,1,0
0.59,0.62,3,212,2,1,0,0,0,0
0.15,0.74,6,178,3,0,0,0,1,0
0.75,0.72,5,260,3,0,0,0,1,0
0.47,0.71,2,241,4,0,0,0,1,0
0.64,0.64,3,234,3,1,0,0,0,0
0.32,0.75,3,255,4,0,0,0,0,1
0.81,0.86,4,249,3,0,0,0,1,0
0.77,0.5,4,281,2,0,0,0,1,0
0.24,0.83,3,208,5,0,0,0,1,0
0.77,0.78,3,165,2,0,0,0,1,0
0.13,0.88,3,146,5,0,0,0,1,0
0.94,0.66,4,230,2,0,0,0,1,0
0.61,0.82,3,209,2,0,0,0,1,0
0.95,0.49,4,178,2,0,0,0,1,0
0.22,0.92,6,220,4,1,0,0,1,0
0.65,0.56,3,142,3,0,0,0,1,0
0.95,0.67,3,153,2,0,0,0,1,0
0.98,0.62,5,254,5,1,0,0,1,0
0.88,0.72,3,193,4,0,0,0,1,0
0.94,0.69,3,248,3,0,0,0,1,0
0.62,0.75,4,216,2,0,0,0,1,0
0.81,0.96,3,226,3,0,0,0,1,0
0.56,0.51,4,140,2,0,0,0,1,0
0.52,0.86,6,103,4,0,0,0,1,0
0.88,0.57,4,185,2,0,0,0,1,0
0.87,0.49,2,251,3,0,0,0,0,1
0.66,0.57,6,278,3,0,0,0,0,1
0.87,0.95,3,242,5,0,0,0,1,0
0.85,0.85,3,182,3,0,0,0,1,0
0.49,0.51,2,182,3,0,0,0,1,0
0.87,0.8,4,197,3,0,0,0,1,0
0.17,0.49,4,286,5,1,0,0,1,0
0.55,0.46,4,226,5,0,0,0,1,0
0.91,0.71,5,156,3,0,0,0,1,0
0.96,0.62,5,185,3,0,0,0,1,0
0.53,0.5,3,231,3,0,0,0,1,0
0.25,0.59,4,166,5,0,0,0,1,0
0.98,0.57,3,229,3,0,0,0,1,0
0.83,0.36,4,242,3,0,0,0,1,0
0.71,0.83,5,206,3,0,0,0,1,0
0.74,0.77,4,206,3,0,0,0,1,0
0.56,0.7,4,135,2,0,0,0,1,0
0.23,0.9,5,234,3,1,0,0,1,0
0.35,0.64,4,147,2,0,0,0,1,0
0.48,0.98,4,174,3,0,0,0,1,0
0.61,1.0,5,139,2,0,0,0,0,1
0.7,0.83,3,159,3,0,0,0,1,0
0.28,0.83,4,162,3,0,0,0,1,0
0.77,0.42,4,98,2,0,0,0,1,0
0.79,0.64,4,263,2,0,0,0,1,0
0.51,0.46,3,176,3,0,0,0,1,0
0.96,0.99,4,233,3,0,0,0,1,0
0.72,0.99,4,156,2,1,0,0,1,0
0.97,1.0,3,198,2,0,0,0,1,0
0.55,0.9,4,191,3,0,0,0,1,0
0.32,0.45,2,188,3,0,0,0,1,0
0.78,0.65,3,157,2,0,0,0,1,0
0.17,0.57,5,286,3,0,0,0,1,0
0.88,0.5,4,216,2,0,0,0,1,0
0.97,0.5,3,188,3,1,0,0,1,0
0.74,0.86,5,153,2,0,0,0,1,0
0.26,0.45,5,187,2,0,0,0,1,0
0.87,0.92,4,141,3,0,0,0,1,0
0.29,0.47,5,139,4,0,0,0,1,0
0.91,0.95,3,189,2,0,0,0,1,0
0.51,0.8,3,254,2,0,0,0,0,1
0.4,1.0,6,206,2,0,0,0,1,0
0.14,0.71,2,155,3,0,0,0,1,0
0.83,0.87,5,248,3,0,0,0,1,0
0.76,0.52,4,259,2,0,0,0,1,0
0.8,0.8,3,271,4,0,0,0,1,0
0.95,0.38,2,103,3,0,0,0,1,0
0.88,0.76,4,159,4,1,0,0,1,0
0.92,0.85,4,184,3,0,0,0,1,0
0.16,0.88,4,201,6,0,0,0,0,1
0.7,0.63,3,157,4,0,0,0,0,1
0.71,0.93,3,287,5,0,0,0,0,1
0.52,0.82,2,242,3,0,0,0,0,1
0.49,0.58,5,246,3,1,0,0,0,1
0.5,0.57,3,219,3,0,0,0,0,1
0.86,0.94,3,212,3,0,0,0,0,1
0.49,0.99,5,262,2,1,0,0,0,1
0.69,0.91,4,128,3,1,0,0,0,1
0.96,1.0,3,231,6,0,0,0,0,1
0.87,0.54,3,260,2,0,0,0,0,1
0.81,0.83,3,177,2,0,0,0,0,1
0.79,0.75,4,168,3,0,0,0,0,0
0.96,0.37,3,111,2,0,0,0,0,0
0.54,0.67,3,154,2,0,0,0,0,0
0.79,0.84,4,171,3,0,0,0,1,0
0.64,0.79,3,253,2,0,0,0,1,0
0.65,0.53,4,160,3,0,0,0,1,0
0.87,0.86,3,196,4,0,0,0,1,0
0.7,0.59,4,178,3,0,0,0,1,0
0.89,0.81,3,268,3,0,0,0,1,0
0.61,0.58,6,146,3,0,0,0,1,0
0.9,0.49,4,185,2,0,0,0,1,0
0.49,0.54,4,247,3,1,0,0,0,1
0.85,0.97,4,210,2,0,0,0,0,1
0.54,0.58,3,234,3,0,0,0,0,1
0.64,0.57,4,271,2,0,0,0,0,1
0.81,0.77,5,102,5,0,0,0,0,1
0.49,0.66,3,163,3,0,0,0,0,1
0.58,0.57,3,144,4,1,0,0,0,1
0.62,0.49,3,172,3,0,0,0,0,1
0.57,0.97,5,126,5,0,0,0,0,1
0.6,0.52,4,190,3,0,0,0,0,1
0.68,0.61,3,134,4,0,0,0,0,1
0.53,0.41,2,148,2,1,0,0,0,1
0.8,0.82,4,202,3,0,0,0,1,0
0.97,0.82,4,176,2,0,0,0,1,0
0.47,0.47,2,221,6,0,0,0,1,0
0.96,0.93,3,156,3,0,0,0,1,0
0.81,0.45,6,98,3,0,0,0,1,0
0.86,0.65,4,134,4,0,0,0,1,0
0.59,0.82,4,203,4,1,0,0,1,0
0.53,0.97,3,189,3,0,0,0,1,0
0.57,0.86,3,258,2,0,0,0,1,0
0.7,0.48,4,237,3,0,0,0,1,0
0.58,0.59,4,224,3,0,0,0,0,0
0.43,0.86,5,125,3,1,0,0,1,0
0.92,0.82,4,207,4,0,0,0,1,0
0.24,0.7,5,194,3,0,0,0,1,0
0.67,0.52,3,273,3,0,0,0,1,0
0.68,0.84,3,209,3,0,0,0,0,0
0.58,0.82,4,268,3,0,0,0,0,1
0.78,0.91,4,202,2,0,0,0,0,1
0.99,0.48,5,202,2,0,0,0,0,1
0.71,0.95,6,204,3,1,0,0,0,1
0.51,0.96,4,204,3,1,0,0,0,1
0.88,0.82,3,244,3,0,0,0,1,0
0.96,0.83,3,234,3,0,0,0,1,0
0.9,0.64,4,217,3,0,0,0,1,0
0.77,0.51,4,142,4,0,0,0,1,0
0.95,0.5,4,186,3,1,0,0,1,0
0.85,0.67,3,267,2,1,0,0,1,0
0.46,0.79,2,108,3,0,0,0,1,0
0.57,0.95,3,274,4,0,0,0,1,0
0.93,1.0,3,148,4,0,0,0,1,0
0.78,0.68,5,168,3,0,0,0,1,0
0.68,1.0,4,185,2,1,0,0,1,0
0.83,0.78,3,257,2,0,0,0,1,0
0.56,0.51,5,256,4,1,0,0,1,0
0.93,0.78,2,188,2,0,0,0,1,0
0.13,0.53,6,173,4,0,0,0,1,0
0.84,0.99,3,144,4,0,0,0,0,1
0.58,0.62,5,270,2,0,0,0,0,0
0.75,0.61,5,173,4,0,0,0,1,0
0.96,0.62,6,193,4,0,0,0,0,1
0.92,0.78,4,212,2,0,0,0,0,1
0.35,0.63,3,156,3,0,0,0,0,1
0.56,0.96,3,244,3,0,0,0,0,1
0.27,0.96,3,255,4,0,0,0,1,0
0.66,0.72,5,152,3,1,0,0,1,0
0.66,0.98,4,163,3,1,0,0,1,0
0.98,0.69,3,150,2,0,0,0,1,0
0.51,0.58,4,169,2,0,0,0,1,0
0.51,0.83,3,133,3,0,0,0,1,0
0.53,0.94,4,202,3,1,0,0,1,0
0.69,0.7,4,169,2,0,0,0,1,0
0.66,0.74,4,270,2,1,0,0,1,0
0.89,0.76,3,251,2,1,0,0,1,0
0.74,0.64,3,267,5,0,0,0,1,0
0.82,0.75,4,224,3,0,0,0,1,0
0.66,0.9,3,250,2,0,0,0,1,0
0.94,0.58,4,159,3,0,0,0,0,1
0.58,0.86,4,257,3,0,0,0,1,0
0.96,0.6,5,182,5,0,0,0,0,1
0.72,0.67,4,192,3,0,0,0,0,1
0.23,0.94,4,142,4,0,0,0,0,1
0.99,0.79,4,172,2,0,0,0,0,1
0.95,0.58,4,188,3,0,0,0,1,0
0.75,0.55,5,281,3,1,0,0,1,0
0.95,0.54,4,255,2,0,0,0,1,0
0.97,0.84,3,223,3,0,0,0,1,0
0.98,0.86,2,219,4,0,0,0,1,0
0.79,0.98,3,195,2,0,0,0,1,0
0.54,0.91,2,156,3,0,0,0,1,0
0.51,0.51,5,259,4,0,0,0,1,0
0.83,0.91,4,266,3,1,0,0,1,0
0.6,0.7,3,147,2,0,0,0,1,0
0.58,0.83,4,207,3,0,0,0,1,0
0.55,0.68,3,185,2,0,0,0,1,0
0.5,0.64,5,195,2,0,0,0,1,0
0.46,0.41,6,148,4,0,0,0,1,0
0.73,1.0,4,146,3,0,0,0,0,1
0.77,0.72,4,223,3,0,0,0,0,1
0.59,0.76,4,234,3,0,0,0,0,0
0.51,0.59,4,187,3,0,0,0,1,0
0.67,0.95,3,229,3,0,0,0,0,1
0.95,0.65,3,155,2,1,0,0,0,1
0.75,0.76,3,246,3,0,0,0,0,1
0.54,0.61,3,152,3,0,0,0,0,1
0.45,0.71,2,172,2,0,0,0,1,0
0.66,0.66,4,255,5,0,0,0,1,0
0.36,0.69,3,98,2,0,0,0,1,0
0.3,0.47,6,141,6,0,0,0,1,0
0.61,0.63,4,146,4,1,0,0,1,0
0.71,0.7,4,213,3,0,0,0,1,0
0.6,0.99,4,160,3,0,0,0,1,0
0.19,0.61,3,272,4,0,0,0,1,0
0.91,1.0,4,125,4,0,0,0,0,1
0.98,0.69,3,152,2,0,0,0,0,1
0.9,0.78,3,162,2,0,0,0,0,1
0.73,0.94,3,251,6,0,0,0,0,1
0.55,0.97,2,140,2,0,0,0,0,1
0.65,0.67,3,245,3,0,0,0,0,1
0.64,0.48,2,157,2,0,0,0,0,1
0.77,0.49,3,265,3,0,0,0,0,1
0.71,0.79,4,261,3,0,0,0,0,0
0.2,0.38,6,212,6,0,0,0,0,0
0.99,0.57,4,216,3,0,0,0,0,0
0.77,0.57,4,238,3,0,0,0,0,0
0.8,0.56,2,204,3,0,0,0,0,0
0.97,0.5,4,216,2,0,0,0,0,0
0.89,0.53,4,208,3,0,0,0,0,0
0.97,0.7,4,218,2,0,0,0,0,0
0.23,0.99,5,176,4,1,0,0,1,0
0.6,0.75,4,144,2,0,0,0,1,0
0.52,0.63,5,241,3,0,0,0,1,0
0.86,0.63,3,271,2,0,0,0,1,0
0.86,0.95,4,184,3,0,0,0,1,0
0.76,0.58,3,262,2,0,0,0,1,0
0.79,0.77,6,233,6,0,0,0,1,0
0.35,0.52,3,155,3,0,0,0,1,0
0.44,0.58,2,157,2,0,0,0,1,0
0.49,0.91,3,227,3,0,0,0,0,1
0.97,0.78,5,156,3,0,0,0,0,1
0.91,0.6,4,133,4,1,0,0,0,1
0.15,0.98,2,96,2,0,0,0,0,0
0.82,0.63,3,171,3,0,0,0,0,1
0.67,0.87,3,177,4,0,0,0,0,0
0.5,0.96,4,274,3,0,0,0,1,0
0.57,0.39,2,145,3,0,0,0,0,1
0.99,0.94,5,221,2,0,0,0,0,1
0.97,0.94,3,202,2,0,0,0,0,1
0.93,0.58,5,238,2,0,0,0,0,1
0.62,0.6,4,170,2,0,0,0,1,0
0.62,0.51,4,208,2,1,0,0,1,0
0.96,0.61,4,199,3,0,0,0,1,0
0.98,0.96,4,253,3,0,0,0,1,0
0.52,0.57,4,239,3,0,0,0,1,0
0.56,0.77,5,279,4,0,0,0,1,0
0.14,0.41,6,114,3,0,0,0,1,0
0.29,0.38,6,105,5,0,0,0,1,0
0.95,0.62,3,161,3,0,0,0,1,0
0.95,0.77,3,184,4,0,0,0,0,1
0.65,0.85,4,204,3,0,0,0,0,1
0.94,0.72,3,152,2,1,0,0,0,1
0.72,0.85,4,142,3,0,0,0,0,1
0.94,0.79,4,136,2,0,0,0,0,1
0.79,0.94,4,216,4,0,0,0,0,1
0.6,0.58,3,201,3,0,0,0,0,1
0.62,0.76,4,163,3,0,0,0,0,0
0.94,0.74,4,224,5,0,0,0,1,0
0.24,0.5,4,209,3,0,0,0,0,1
0.17,0.71,5,257,4,1,0,0,0,1
0.66,0.83,4,234,4,0,0,0,0,1
0.65,0.56,3,221,2,0,0,0,0,1
0.51,0.62,2,186,2,0,0,0,1,0
0.41,0.75,4,199,3,0,0,0,1,0
0.98,0.99,3,235,3,0,0,0,1,0
0.96,0.55,5,211,2,0,0,0,1,0
0.55,0.97,4,136,4,0,0,0,1,0
0.99,0.71,4,155,3,0,0,0,1,0
0.6,0.77,3,202,3,0,0,0,1,0
0.71,0.77,3,149,2,0,0,0,0,1
0.74,0.78,4,203,2,0,0,0,0,1
0.75,0.53,5,235,3,0,0,0,0,1
0.5,0.54,2,269,2,1,0,0,0,1
0.59,0.86,4,260,2,0,0,0,0,1
0.81,0.84,3,216,3,0,0,0,0,1
0.34,0.55,3,136,2,1,0,0,0,1
0.53,0.87,5,158,3,0,0,0,0,1
0.94,0.85,4,180,4,0,0,0,0,1
0.76,0.77,5,133,2,0,0,0,0,0
0.2,0.58,5,199,4,0,0,0,1,0
0.97,0.67,3,169,2,1,0,0,0,1
0.96,0.72,3,195,2,0,0,0,0,1
0.81,0.5,5,205,3,0,0,0,0,1
0.2,0.48,4,156,4,1,0,0,0,1
0.53,0.71,3,125,2,1,0,0,1,0
0.75,0.76,3,171,4,0,0,0,1,0
0.55,0.91,4,199,3,0,0,0,1,0
0.58,0.65,5,187,2,0,0,0,1,0
0.75,0.88,3,224,2,0,0,0,1,0
0.14,0.8,5,226,3,0,0,0,0,1
0.93,0.76,3,212,3,0,0,0,0,1
0.75,0.48,3,250,5,0,0,0,0,1
0.58,0.63,4,171,3,0,0,0,0,1
0.59,0.6,3,149,4,0,0,0,0,1
0.2,0.9,5,228,6,0,0,0,0,1
1.0,0.84,3,215,2,0,0,0,0,1
0.51,0.51,3,272,3,0,0,0,0,1
0.16,0.72,4,192,6,0,0,0,0,0
0.77,0.56,5,226,4,0,0,0,1,0
0.61,0.47,2,149,3,0,0,0,0,1
0.73,0.51,3,244,2,0,0,0,0,1
0.52,0.85,4,193,3,0,0,0,0,1
0.13,0.72,4,247,3,0,0,0,0,1
0.73,0.62,3,181,3,0,0,0,1,0
0.39,0.68,2,137,3,1,0,0,1,0
0.92,0.8,3,211,4,0,0,0,1,0
0.34,0.78,5,137,4,0,0,0,1,0
0.94,0.51,4,229,2,1,0,0,1,0
0.65,0.74,4,237,3,1,0,0,1,0
0.89,0.73,3,274,2,0,0,0,0,1
0.76,0.6,5,279,2,0,0,0,0,1
0.83,0.64,5,272,2,0,0,0,0,1
0.57,0.85,4,152,3,0,0,0,0,1
0.61,0.89,2,287,4,0,0,0,0,1
0.96,0.89,2,239,6,1,0,0,0,1
0.17,0.5,4,274,6,0,0,0,0,1
0.61,0.6,4,121,2,0,0,0,0,1
0.73,0.74,5,199,2,0,0,0,0,1
0.3,0.39,3,175,3,0,0,0,0,1
0.42,0.67,2,115,3,0,0,0,0,0
0.65,0.75,3,194,4,1,0,0,1,0
0.17,0.45,2,119,3,0,0,0,0,1
0.12,0.82,5,162,4,1,0,0,0,1
0.7,0.78,5,264,2,0,0,0,0,1
0.87,0.88,3,179,2,0,0,0,0,1
0.43,0.44,5,213,3,0,0,0,1,0
0.84,0.65,3,269,2,0,0,0,1,0
0.94,0.55,3,160,3,0,0,0,1,0
0.92,0.67,3,149,3,0,0,0,1,0
0.19,0.48,6,178,3,1,0,0,0,1
0.5,0.63,3,160,2,0,0,0,0,1
0.52,0.88,3,261,4,0,0,0,0,1
0.13,0.52,6,188,3,0,0,0,0,1
0.18,0.73,4,219,5,0,0,0,0,1
0.86,0.64,4,263,3,0,0,0,0,1
0.86,0.59,4,165,3,0,0,0,0,1
0.16,0.76,6,218,6,0,0,0,0,1
0.43,0.46,2,239,3,1,0,0,0,1
0.79,0.63,3,212,2,1,0,0,0,1
0.51,0.67,4,133,3,0,0,0,0,1
0.83,0.55,5,250,3,1,0,0,0,1
0.61,0.45,3,114,3,0,0,0,0,0
0.65,0.57,3,168,2,0,0,0,0,0
0.95,0.83,4,252,2,0,0,0,0,0
0.63,0.64,5,189,4,0,0,0,0,0
0.72,0.6,3,265,2,1,0,0,0,0
0.8,0.57,3,176,3,0,0,0,0,0
0.7,0.57,4,150,4,0,0,0,0,0
0.49,0.99,4,258,3,1,0,0,1,0
0.87,0.68,5,236,4,0,0,0,0,0
0.73,0.68,5,133,2,0,0,0,1,0
0.98,0.73,2,237,3,0,0,0,0,1
0.77,0.48,3,204,6,0,0,0,0,0
0.76,0.99,3,166,3,0,0,0,0,1
0.21,0.93,4,189,2,1,0,0,0,1
0.72,0.63,4,251,3,0,0,0,0,1
0.41,0.56,2,121,2,0,0,0,0,1
0.9,0.56,3,149,2,0,0,0,0,0
0.96,0.9,5,198,2,0,0,0,0,1
0.61,0.48,4,163,3,0,0,0,0,1
0.6,0.8,4,222,2,0,0,0,0,1
0.5,0.76,2,107,4,0,0,0,0,0
0.79,0.61,4,162,2,0,0,0,0,1
0.32,0.69,6,192,3,0,0,0,0,0
0.85,0.59,5,236,3,0,0,0,1,0
0.9,0.62,5,225,2,0,0,0,0,1
0.74,0.54,4,167,2,0,0,0,0,1
0.21,0.76,6,219,4,1,0,0,0,1
0.88,1.0,5,190,2,0,0,0,1,0
0.98,0.98,5,210,6,0,0,0,1,0
0.68,0.8,2,257,2,1,0,0,1,0
0.52,0.37,3,137,4,0,0,0,1,0
0.68,0.93,4,179,2,0,0,0,0,1
0.92,0.74,4,213,3,0,0,0,0,1
0.86,0.79,3,106,6,1,0,0,0,1
0.5,0.99,4,272,2,0,0,0,0,1
0.35,0.37,4,153,2,0,0,0,0,1
0.76,0.97,5,172,3,0,0,0,0,1
0.66,0.95,4,224,2,0,0,0,0,1
0.58,0.71,3,230,3,1,0,0,0,1
0.55,0.97,4,222,4,0,0,0,0,1
0.9,0.53,3,270,3,0,0,0,0,1
0.75,0.71,4,205,3,0,0,0,0,1
0.9,0.63,4,134,3,1,0,0,0,1
0.14,0.54,5,275,4,1,0,0,0,0
0.86,0.57,4,183,3,0,0,0,1,0
0.56,0.84,4,143,4,0,0,0,0,1
0.54,0.63,5,259,2,0,0,0,0,1
0.6,0.9,5,139,3,0,0,0,1,0
0.34,0.59,2,164,2,0,0,0,1,0
0.71,0.53,5,162,2,0,0,0,1,0
0.64,0.64,3,180,2,1,0,0,1,0
0.71,0.93,2,199,2,0,0,0,1,0
0.58,0.63,4,190,2,0,0,0,0,1
0.87,0.96,4,151,3,1,0,0,0,1
0.58,0.85,4,162,3,0,0,0,0,1
0.87,0.67,3,139,2,0,0,0,0,1
0.72,0.86,3,231,3,1,0,0,0,1
0.67,0.83,5,269,2,0,0,0,0,1
0.53,0.97,4,249,3,0,0,0,0,1
0.78,0.61,3,148,2,0,0,0,0,1
0.19,0.63,4,233,5,0,0,0,0,1
1.0,0.88,4,240,4,0,0,0,0,1
0.75,0.75,5,229,2,1,0,0,0,1
0.29,0.66,3,256,2,1,0,0,0,1
0.37,0.7,2,188,2,0,0,0,0,0
0.78,0.5,3,167,2,0,0,0,1,0
0.24,0.64,5,190,4,0,0,0,0,1
0.8,0.82,3,218,3,0,0,0,1,0
0.74,0.69,4,244,2,0,0,0,1,0
0.49,0.67,6,286,4,0,0,0,1,0
0.46,0.55,3,139,2,0,0,0,0,1
0.9,0.91,5,176,3,0,0,0,0,1
0.7,0.67,5,136,3,0,0,0,0,1
0.84,0.71,4,222,2,0,0,0,0,1
0.89,0.77,4,269,4,0,0,0,0,1
0.59,0.87,4,183,2,0,0,0,0,1
0.57,0.72,3,206,3,0,0,0,0,1
0.53,0.49,3,158,3,0,0,0,0,1
0.83,0.89,4,136,3,0,0,0,0,1
0.51,0.66,4,182,2,0,0,0,0,1
0.78,0.61,4,268,3,0,0,0,0,1
0.52,0.69,3,144,3,0,0,0,0,1
0.42,0.5,5,286,4,0,0,0,0,0
0.61,0.38,2,268,3,0,0,0,1,0
0.85,1.0,3,255,3,0,0,0,0,1
0.17,0.85,6,245,5,0,0,0,0,1
0.79,0.52,3,134,2,1,0,0,0,1
0.5,0.59,3,192,2,0,0,0,1,0
0.52,0.53,4,159,4,0,0,0,1,0
0.8,0.81,5,156,2,0,0,0,1,0
0.51,0.95,4,169,3,1,0,0,1,0
0.66,0.65,4,154,3,0,0,0,0,1
0.56,0.43,2,169,3,0,0,0,0,1
0.5,0.84,3,233,3,1,0,0,0,1
0.94,0.78,3,218,2,1,0,0,0,1
0.42,0.8,4,279,6,0,0,0,0,1
0.6,0.61,3,195,3,0,0,0,0,1
0.55,0.71,4,223,3,0,0,0,0,1
0.76,0.72,3,275,4,1,0,0,0,1
0.84,0.74,3,234,3,1,0,0,0,1
0.33,0.62,4,113,6,0,0,0,0,1
0.61,0.95,3,133,5,0,0,0,0,1
0.91,0.93,5,158,4,0,0,0,0,1
0.73,0.74,4,214,3,0,0,0,0,0
0.87,0.67,4,272,4,0,0,0,1,0
0.38,0.42,2,127,4,0,0,0,0,1
0.8,0.51,4,141,3,1,0,0,0,1
0.55,0.75,4,166,2,0,0,0,1,0
0.51,0.54,4,166,4,1,0,0,1,0
0.63,0.9,4,188,4,1,0,0,1,0
0.6,0.57,3,203,2,0,0,0,1,0
0.7,0.99,3,167,3,0,0,0,1,0
0.5,0.99,2,258,3,1,0,0,0,1
0.59,0.51,2,126,3,0,0,0,0,1
0.52,0.39,6,246,4,0,0,0,0,1
0.55,0.49,3,205,3,0,0,0,0,1
0.81,0.62,5,201,3,1,0,0,0,1
0.94,0.98,4,197,3,0,0,0,0,1
0.98,0.61,3,272,3,0,0,0,0,1
0.83,0.84,4,206,2,0,0,0,0,1
0.93,0.62,3,184,3,0,0,0,0,1
0.99,0.54,3,199,2,0,0,0,0,1
0.55,0.57,4,220,3,0,0,0,0,1
0.96,0.83,3,233,3,0,0,0,0,1
0.28,0.77,3,221,3,0,0,0,0,0
0.97,0.6,6,168,5,1,0,0,0,0
0.8,0.78,3,251,3,0,0,0,0,0
0.58,0.84,4,150,4,1,0,0,1,0
0.57,0.54,3,157,4,1,0,0,0,0
0.75,0.69,3,242,3,0,0,0,0,0
0.6,0.98,4,265,2,0,0,0,1,0
0.96,0.92,3,196,4,0,0,0,1,0
0.75,0.67,4,135,2,0,0,0,0,0
1.0,0.61,6,270,3,0,0,0,1,0
0.92,0.97,4,201,2,0,0,0,0,1
0.84,0.93,5,225,4,0,0,0,0,0
0.82,0.77,4,205,3,0,0,0,0,1
0.74,0.42,3,131,3,0,0,0,0,1
0.21,0.39,2,118,4,0,0,0,0,1
0.62,0.64,5,187,3,0,0,0,0,1
0.54,0.48,3,275,2,0,0,0,0,0
0.55,0.97,5,125,4,0,0,0,0,1
0.84,0.55,4,270,3,1,0,0,0,1
0.61,0.56,2,123,2,0,0,0,0,1
0.64,0.53,3,281,3,0,0,0,0,0
0.92,0.51,3,223,2,0,0,0,0,1
0.86,0.87,3,268,2,0,0,0,0,0
0.7,0.72,2,189,3,0,0,0,1,0
0.77,0.68,3,225,2,0,0,0,1,0
0.97,0.81,5,266,2,0,0,0,1,0
0.7,0.69,5,154,2,0,0,0,1,0
0.78,0.82,4,142,2,1,0,0,1,0
0.77,0.87,3,207,4,1,0,0,1,0
0.66,0.53,4,162,3,0,0,0,1,0
0.25,0.98,6,287,5,1,0,0,1,0
0.89,0.87,2,270,6,1,0,0,0,1
0.15,0.66,5,160,4,1,0,0,0,1
0.26,0.91,6,113,2,0,0,0,0,1
0.74,0.58,4,178,4,0,0,0,0,1
0.52,0.83,3,153,2,0,0,0,0,1
0.95,0.62,4,255,2,0,0,0,0,1
0.66,0.82,4,257,3,1,0,0,0,1
0.79,0.66,4,243,3,0,0,0,0,1
0.98,0.94,3,179,3,0,0,0,0,1
0.4,0.37,3,123,2,0,0,0,0,1
1.0,0.68,3,132,2,0,0,0,0,1
0.71,0.79,3,134,3,0,0,0,0,1
0.88,0.59,4,240,2,0,0,0,1,0
0.55,0.55,4,211,4,0,0,0,1,0
0.64,0.78,5,156,5,1,0,0,1,0
0.64,0.6,3,196,3,0,0,0,1,0
0.87,0.54,4,162,2,0,0,0,1,0
0.2,0.9,3,218,4,0,0,0,1,0
0.99,0.64,4,135,2,1,0,0,1,0
0.96,0.7,2,273,3,0,0,0,1,0
0.53,0.65,3,241,3,0,0,0,1,0
0.7,0.39,6,285,4,0,0,0,1,0
0.68,0.61,6,236,3,0,0,0,0,1
0.96,0.48,4,222,3,0,0,0,0,1
0.64,0.64,4,242,3,0,0,0,0,1
0.86,0.65,5,166,3,0,0,0,0,1
0.87,0.84,3,172,3,0,0,0,0,1
0.53,0.56,4,249,2,0,0,0,0,1
0.72,0.98,4,180,2,0,0,0,0,1
0.83,0.59,4,197,4,0,0,0,0,1
0.97,0.54,5,185,2,0,0,0,0,1
0.92,0.76,3,171,2,0,0,0,0,1
0.7,0.58,3,205,3,0,0,0,1,0
0.88,0.58,2,123,4,0,0,0,1,0
0.55,0.99,3,158,3,0,0,0,1,0
0.89,0.86,3,223,2,0,0,0,1,0
0.58,0.69,3,252,3,0,0,0,1,0
0.58,0.96,5,143,2,0,0,0,1,0
0.34,0.88,5,131,6,0,0,0,1,0
0.54,0.65,5,206,4,1,0,0,1,0
0.59,0.54,4,210,3,0,0,0,1,0
0.88,0.96,4,262,3,0,0,0,0,1
0.72,0.69,4,147,3,0,0,0,0,1
0.79,0.75,4,259,3,0,0,0,0,1
0.51,0.73,4,174,3,0,0,0,0,1
0.84,0.84,3,150,4,0,0,0,0,1
0.95,0.67,4,219,2,0,0,0,0,1
0.58,0.88,5,178,4,0,0,0,0,1
0.69,0.98,3,269,3,1,0,0,0,1
0.17,0.64,6,205,5,1,0,0,0,1
0.81,0.72,3,232,3,1,0,0,0,1
0.41,0.5,3,193,3,0,0,0,0,1
0.61,0.77,4,195,2,0,0,0,1,0
0.62,0.82,5,151,5,0,0,0,1,0
0.74,0.75,2,137,3,1,0,0,1,0
0.81,0.5,3,198,3,0,0,0,1,0
0.2,0.82,4,190,5,0,0,0,1,0
0.51,0.91,4,206,3,0,0,0,1,0
0.55,0.99,4,238,3,0,0,0,1,0
0.45,0.41,3,193,2,1,0,0,1,0
0.91,0.61,4,176,3,0,0,0,1,0
0.73,0.59,6,121,5,0,0,0,1,0
0.98,0.88,4,145,2,0,0,0,1,0
0.62,0.65,4,212,3,1,0,0,0,1
0.57,0.62,3,198,4,0,0,0,0,1
0.99,0.57,3,189,4,1,0,0,0,1
0.82,0.68,2,200,3,0,0,0,0,1
0.24,0.81,4,217,5,0,0,0,0,1
0.84,0.73,5,245,3,0,0,0,0,1
0.9,0.55,3,260,3,0,0,0,0,1
0.13,0.73,5,206,5,0,0,0,0,1
0.6,0.67,3,249,2,0,0,0,0,1
0.82,0.73,3,148,4,0,0,0,0,0
0.89,0.51,4,141,3,0,0,0,1,0
0.67,0.83,3,220,3,0,0,0,1,0
1.0,0.49,4,140,3,0,0,0,1,0
0.67,0.44,4,194,2,1,0,0,1,0
0.2,0.98,2,228,3,0,0,0,1,0
0.71,0.87,4,238,3,0,0,0,1,0
0.65,0.91,3,207,3,0,0,0,1,0
0.82,0.82,4,164,2,0,0,0,1,0
0.48,0.89,3,224,3,0,0,0,1,0
0.96,0.9,4,201,3,0,0,0,1,0
0.52,0.63,3,171,2,0,0,0,1,0
0.24,0.78,5,131,5,0,0,0,1,0
0.92,0.95,6,239,4,0,0,0,0,1
0.66,0.89,3,202,3,1,0,0,0,1
0.93,0.68,3,137,3,1,0,0,0,1
0.77,0.59,4,153,3,0,0,0,0,1
0.6,0.48,4,219,4,1,0,0,0,1
0.78,0.49,3,194,3,1,0,0,0,1
0.6,0.53,4,228,3,0,0,0,0,1
0.82,0.76,3,174,3,0,0,0,0,1
0.65,0.66,3,164,2,0,0,0,1,0
0.81,0.56,3,142,3,0,0,0,1,0
0.58,0.53,4,181,3,1,0,0,1,0
0.14,0.57,4,207,5,0,0,0,1,0
0.15,0.37,2,167,3,0,0,0,1,0
0.98,0.51,3,243,2,0,0,0,1,0
0.91,0.5,4,231,3,0,0,0,0,0
0.86,0.71,4,250,3,1,0,0,1,0
0.56,0.63,3,145,2,0,0,0,0,0
0.58,0.77,4,190,6,0,0,0,0,0
0.54,0.64,2,128,2,0,0,0,1,0
0.59,0.99,5,254,3,1,0,0,1,0
0.92,0.88,3,145,4,1,0,0,0,0
0.82,0.8,4,246,3,0,0,0,1,0
0.86,0.68,5,246,2,0,0,0,0,1
0.66,0.77,5,236,3,0,0,0,0,0
0.85,0.66,3,234,3,0,0,0,0,1
0.8,0.6,3,247,2,0,0,0,0,1
0.99,0.61,3,154,3,0,0,0,0,1
0.92,0.56,3,174,3,0,0,0,0,1
0.78,0.57,4,264,3,0,0,0,0,0
0.58,0.98,3,175,3,0,0,0,1,0
0.91,0.88,5,210,2,1,0,0,1,0
0.92,0.75,4,212,3,0,0,0,1,0
0.36,0.66,4,97,2,0,0,0,0,0
0.55,0.53,4,214,3,0,0,0,1,0
0.95,0.96,4,244,3,0,0,0,1,0
0.5,0.67,3,246,3,0,0,0,1,0
0.42,0.73,3,115,6,0,0,0,0,0
0.75,0.68,3,237,5,0,0,0,1,0
0.88,0.7,4,146,4,0,0,0,1,0
0.53,0.63,5,159,4,0,0,0,1,0
0.84,0.4,4,246,3,0,0,0,1,0
0.49,0.93,3,226,3,0,0,0,1,0
0.71,0.91,3,261,3,0,0,0,1,0
0.83,0.64,4,242,2,0,0,0,1,0
0.88,0.93,4,177,3,0,0,0,0,1
0.87,0.53,4,144,3,0,0,0,0,1
0.43,0.82,2,221,5,0,0,0,0,1
0.64,0.67,5,167,2,0,0,0,1,0
0.66,1.0,4,192,2,0,0,0,1,0
0.83,0.9,4,195,3,0,0,0,1,0
0.89,0.86,3,261,4,0,0,0,1,0
0.94,0.61,4,199,3,0,0,0,1,0
0.24,0.85,4,160,5,0,0,0,1,0
0.69,0.8,3,177,4,0,0,0,1,0
0.45,0.46,3,179,2,1,0,0,1,0
0.78,0.93,4,161,3,0,0,0,1,0
0.91,0.38,5,279,5,0,0,0,1,0
0.63,0.65,4,246,6,1,0,0,1,0
0.71,0.8,4,199,2,0,0,0,1,0
0.73,0.69,3,161,3,0,0,0,1,0
0.69,0.52,5,219,3,0,0,0,1,0
0.52,0.57,5,162,3,0,0,0,1,0
0.78,0.66,4,258,3,0,0,0,1,0
0.94,0.69,3,269,3,0,0,0,1,0
0.55,0.73,4,201,3,0,0,0,1,0
0.43,0.38,2,278,3,1,0,0,1,0
0.77,0.66,3,147,2,0,0,0,0,1
0.57,0.75,4,151,2,0,0,0,0,1
0.14,0.73,5,273,4,1,0,0,1,0
0.2,0.54,5,162,6,0,0,0,1,0
0.9,0.97,3,141,3,0,0,0,1,0
0.51,0.96,5,268,4,0,0,0,1,0
0.63,0.77,3,176,2,1,0,0,1,0
0.83,0.88,3,223,3,1,0,0,1,0
0.67,0.72,4,218,2,1,0,0,1,0
0.96,0.52,4,228,3,0,0,0,1,0
0.69,0.75,3,204,3,0,0,0,1,0
0.69,0.9,4,148,2,0,0,0,1,0
0.64,0.94,3,221,2,0,0,0,1,0
0.62,0.48,4,271,3,0,0,0,1,0
0.55,0.75,3,191,3,0,0,0,1,0
0.98,0.51,4,223,2,0,0,0,1,0
0.83,0.78,5,250,2,1,0,0,1,0
0.73,0.77,3,230,2,0,0,0,1,0
0.58,0.86,3,226,2,0,0,0,1,0
0.52,0.67,4,182,3,0,0,0,0,1
0.91,0.7,3,195,3,0,0,0,0,1
0.75,0.64,3,195,3,0,0,0,0,0
0.26,0.47,3,241,4,0,0,0,1,0
0.57,0.96,5,203,4,0,0,0,1,0
0.14,0.99,3,257,4,1,0,0,1,0
0.94,0.62,5,201,2,0,0,0,1,0
0.3,0.58,2,124,3,0,0,0,1,0
0.29,0.43,6,175,3,0,0,0,1,0
0.82,0.75,3,161,3,0,0,0,1,0
0.62,0.75,4,183,4,1,0,0,1,0
0.64,0.99,5,262,5,0,0,0,1,0
0.17,0.52,4,184,4,0,0,0,1,0
0.75,0.56,3,207,3,0,0,0,1,0
0.49,0.73,4,185,3,0,0,0,1,0
0.84,0.58,4,180,2,0,0,0,1,0
0.48,0.96,4,224,2,1,0,0,1,0
0.54,0.53,3,184,3,0,0,0,1,0
0.76,0.99,5,252,3,1,0,0,1,0
0.77,0.84,4,196,3,0,0,0,1,0
0.95,0.97,4,203,2,0,0,0,1,0
0.72,0.83,4,181,3,0,0,0,1,0
0.99,0.81,4,229,2,1,0,0,0,1
0.14,0.63,6,215,5,0,0,0,1,0
0.15,0.69,6,213,6,0,0,0,1,0
0.52,0.82,4,198,4,0,0,0,1,0
0.27,0.55,5,121,3,1,0,0,1,0
0.97,0.96,3,212,3,0,0,0,1,0
0.52,0.93,2,271,3,0,0,0,1,0
0.98,0.89,3,186,2,0,0,0,1,0
0.96,0.95,4,265,2,0,0,0,1,0
0.28,0.92,3,151,3,0,0,0,1,0
0.65,0.55,5,206,3,0,0,0,1,0
0.59,0.63,4,153,3,1,0,0,1,0
0.64,0.48,4,267,2,1,0,0,1,0
0.71,0.48,3,161,3,0,0,0,1,0
0.83,0.84,2,149,3,0,0,0,1,0
0.95,0.94,2,269,4,1,0,0,1,0
0.73,0.49,3,248,3,0,0,0,1,0
0.81,0.75,4,243,2,0,0,0,1,0
0.71,0.44,2,207,4,0,0,0,1,0
0.8,0.56,6,111,6,0,0,0,1,0
0.77,0.73,4,159,3,1,0,0,0,1
0.89,0.96,5,260,3,0,0,0,1,0
0.83,0.62,4,218,3,0,0,0,1,0
0.72,0.7,4,217,3,0,0,0,1,0
0.7,0.74,3,212,3,0,0,0,1,0
1.0,0.89,3,189,3,0,0,0,1,0
0.57,0.66,4,158,2,0,0,0,1,0
0.55,0.54,5,168,2,0,0,0,1,0
0.47,0.7,4,134,3,0,0,0,1,0
0.95,0.77,4,213,3,1,0,0,1,0
0.29,0.57,5,149,3,0,0,0,1,0
0.71,0.5,3,201,2,0,0,0,1,0
0.89,0.68,4,146,3,0,0,0,1,0
0.81,0.97,4,212,2,0,0,0,1,0
0.72,0.64,4,140,2,0,0,0,1,0
1.0,0.85,4,156,3,0,0,0,1,0
0.79,0.49,4,163,3,0,0,0,0,0
0.69,0.84,3,154,2,0,0,0,1,0
0.97,0.66,4,218,3,0,0,0,0,0
0.61,0.59,3,157,2,0,0,0,0,0
0.51,0.41,2,164,4,0,0,0,0,1
0.47,0.39,6,215,5,0,0,0,0,1
0.49,0.83,3,172,2,0,0,0,0,1
0.92,0.62,3,264,2,0,0,0,0,1
0.24,0.39,5,158,2,0,0,0,0,1
0.61,0.58,4,142,4,0,0,0,0,1
0.83,0.89,4,137,3,0,0,0,0,1
0.88,0.66,4,275,3,0,0,0,0,1
0.61,0.55,3,245,3,0,0,0,0,1
0.68,0.54,4,165,4,0,0,0,0,0
0.51,0.7,4,142,4,1,0,0,1,0
0.88,0.58,4,215,2,0,0,0,1,0
0.94,0.84,5,240,3,0,0,0,1,0
0.58,0.88,4,255,3,0,0,0,0,0
0.63,0.98,4,265,3,0,0,0,1,0
0.81,0.49,4,285,4,0,0,0,1,0
0.61,0.86,3,238,2,0,0,0,1,0
0.65,0.63,3,137,3,0,0,0,0,0
0.67,0.63,3,270,5,0,0,0,1,0
0.64,0.62,4,145,3,1,0,0,1,0
0.96,0.78,3,135,3,0,0,0,0,1
0.75,0.53,3,154,2,0,0,0,0,1
0.73,0.99,3,160,3,0,0,0,0,1
0.98,0.84,3,139,2,0,0,0,0,1
0.8,0.84,3,251,3,0,0,0,0,1
0.18,0.48,4,176,4,1,0,0,1,0
0.37,0.72,2,163,3,0,0,0,1,0
0.97,0.86,3,257,4,0,0,0,1,0
0.56,0.68,4,159,3,0,0,0,1,0
0.32,0.65,2,183,3,0,0,0,1,0
0.63,0.88,4,260,2,0,0,0,1,0
0.36,0.78,6,151,3,0,0,0,1,0
0.75,0.49,4,246,3,1,0,0,1,0
0.42,0.86,3,160,4,1,0,0,1,0
0.96,0.66,3,155,2,0,0,0,1,0
0.62,0.78,5,250,6,0,0,0,1,0
0.78,0.96,2,174,3,0,0,0,1,0
0.93,0.89,3,262,2,0,0,0,1,0
0.93,0.87,4,257,2,0,0,0,1,0
0.45,0.42,4,140,2,0,0,0,1,0
0.87,0.84,4,237,3,1,0,0,0,1
0.72,0.59,5,138,2,0,0,0,1,0
0.86,0.91,4,234,3,1,0,0,0,1
0.69,0.67,4,141,3,0,0,0,0,1
0.5,0.65,4,266,3,1,0,0,0,1
0.62,0.68,3,134,2,0,0,0,0,1
0.76,0.55,4,147,3,0,0,0,1,0
0.97,0.88,4,237,4,0,0,0,1,0
0.78,0.57,5,114,4,0,0,0,1,0
0.81,0.89,4,166,2,1,0,0,1,0
0.15,0.95,4,173,5,1,0,0,1,0
0.72,0.5,3,205,3,1,0,0,1,0
0.8,0.5,3,219,3,0,0,0,1,0
0.76,0.74,3,173,2,0,0,0,1,0
0.19,0.73,4,231,3,0,0,0,1,0
0.75,0.75,5,133,2,0,0,0,1,0
0.94,0.49,4,220,3,0,0,0,1,0
0.93,0.59,5,158,3,0,0,0,1,0
0.96,0.92,3,182,4,0,0,0,1,0
0.14,0.57,6,275,5,0,0,0,1,0
0.68,0.65,3,243,2,0,0,0,0,1
0.95,0.86,2,263,4,0,0,0,0,1
0.87,0.67,5,143,3,0,0,0,0,1
0.22,0.53,5,160,4,1,0,0,0,1
0.95,0.65,5,142,2,1,0,0,1,0
0.18,0.5,4,169,4,0,0,0,1,0
0.87,0.63,5,214,3,0,0,0,1,0
0.23,0.84,5,131,5,0,0,0,1,0
0.93,0.69,3,213,4,0,0,0,1,0
0.58,0.75,4,244,4,0,0,0,1,0
0.68,0.55,4,169,3,1,0,0,1,0
0.76,0.71,4,156,3,0,0,0,1,0
0.68,0.84,5,161,3,0,0,0,1,0
0.99,0.47,3,152,5,0,0,0,1,0
0.64,0.55,3,201,2,0,0,0,1,0
0.61,0.83,5,269,5,1,0,0,1,0
0.51,0.5,5,242,2,0,0,0,1,0
0.69,0.66,3,113,4,0,0,0,1,0
0.85,0.6,3,251,2,0,0,0,1,0
0.55,0.89,6,99,3,0,0,0,1,0
0.34,0.52,6,265,6,0,0,0,0,1
0.87,0.79,3,244,3,0,0,0,0,0
0.9,0.52,3,162,2,0,0,0,0,0
0.51,0.63,3,234,2,0,0,0,0,0
0.62,0.71,4,168,2,0,0,0,0,0
0.47,0.43,3,120,3,0,0,0,0,0
0.59,0.94,5,274,2,0,0,0,0,0
0.87,0.62,4,202,3,0,0,0,0,0
0.59,0.97,3,209,3,0,0,0,0,0
0.87,0.71,6,224,6,0,0,0,0,0
0.89,0.93,3,168,2,0,0,0,0,0
0.73,0.68,4,227,3,0,0,0,1,0
0.79,0.98,3,217,3,0,0,0,1,0
0.8,0.74,2,205,3,1,0,0,1,0
0.73,0.89,5,223,3,0,0,0,1,0
0.96,0.9,3,175,3,1,0,0,1,0
0.66,0.96,3,175,2,0,0,0,1,0
0.53,0.97,4,254,3,0,0,0,1,0
0.86,0.56,5,215,2,0,0,0,1,0
0.92,0.86,3,166,4,0,0,0,1,0
0.5,0.83,2,220,2,1,0,0,0,1
0.82,0.74,3,163,2,0,0,0,0,0
0.42,0.5,2,151,3,0,0,0,1,0
0.51,0.79,3,137,3,0,0,0,0,1
0.63,0.78,2,158,5,1,0,0,0,1
0.43,0.81,3,102,3,0,0,0,0,1
0.5,0.49,5,256,3,0,0,0,0,1
0.81,0.87,4,203,2,0,0,0,0,1
0.63,0.7,5,177,2,1,0,0,0,1
0.86,0.7,4,197,3,0,0,0,0,1
0.92,0.91,3,202,2,0,0,0,0,1
0.72,0.78,3,229,2,0,0,0,0,1
0.78,0.63,4,181,2,0,0,0,0,1
0.76,0.65,3,254,2,0,0,0,1,0
0.84,0.63,2,162,3,0,0,0,1,0
0.78,0.54,4,102,3,0,0,0,1,0
0.57,0.59,4,197,3,0,0,0,1,0
0.15,0.42,3,98,3,0,0,0,1,0
0.69,0.77,3,232,2,0,0,0,1,0
0.73,0.6,3,252,4,1,0,0,1,0
0.65,0.79,3,201,3,1,0,0,0,0
0.54,0.87,4,163,3,0,0,0,0,1
0.6,0.73,2,180,2,0,0,0,0,0
0.72,0.67,3,243,3,0,0,0,1,0
0.97,0.49,4,213,2,0,0,0,0,1
0.99,0.89,3,273,2,0,0,0,0,1
0.75,0.93,4,195,3,0,0,0,0,1
0.84,0.98,4,246,3,0,0,0,0,1
0.76,0.5,3,196,3,1,0,0,0,1
0.96,0.51,5,205,2,1,0,0,0,1
0.12,0.81,4,287,6,0,0,0,0,1
0.54,0.79,3,211,3,0,0,0,0,1
0.69,0.98,3,261,4,0,0,0,0,1
0.77,0.71,5,204,3,0,0,0,0,0
0.96,0.86,2,163,3,0,0,0,1,0
0.53,0.62,4,162,2,0,0,0,1,0
0.54,0.72,4,259,2,1,0,0,1,0
0.89,0.64,4,151,5,0,0,0,0,0
0.52,0.84,2,266,2,0,0,0,1,0
0.29,0.65,5,110,5,1,0,0,1,0
0.8,0.53,3,245,3,0,0,0,0,1
0.18,0.67,5,209,4,0,0,0,0,1
0.58,0.5,5,184,4,0,0,0,0,1
0.63,0.67,4,229,3,0,0,0,0,1
0.68,0.81,3,180,2,1,0,0,0,0
0.91,0.98,5,135,3,0,0,0,1,0
0.95,0.94,3,174,3,0,0,0,0,1
0.89,0.76,2,278,2,0,0,0,0,1
0.76,0.76,3,197,2,0,0,0,0,1
0.96,0.72,3,157,3,0,0,0,0,1
0.78,0.63,4,156,3,0,0,0,1,0
0.98,0.9,3,186,4,0,0,0,1,0
0.76,0.42,3,217,2,0,0,0,1,0
0.63,0.49,5,192,2,0,0,0,1,0
0.39,0.37,3,127,3,0,0,0,1,0
0.91,0.67,3,257,2,0,0,0,1,0
0.8,0.8,4,229,4,0,0,0,1,0
0.89,0.64,4,274,2,1,0,0,1,0
0.75,0.41,5,196,4,0,0,0,1,0
0.94,0.85,3,137,3,0,0,0,1,0
0.27,0.61,3,213,6,0,0,0,1,0
0.71,0.72,4,137,3,0,0,0,0,1
0.85,0.66,5,189,3,0,0,0,0,1
0.87,0.91,3,229,3,1,0,0,0,1
0.86,0.93,3,199,3,1,0,0,0,1
0.49,0.85,3,250,2,0,0,0,0,1
0.99,0.59,5,263,3,0,0,0,0,0
0.75,0.95,3,268,3,1,0,0,1,0
0.61,0.64,3,187,2,0,0,0,0,1
0.89,0.84,6,196,4,0,0,0,0,1
0.77,0.7,4,232,3,0,0,0,0,1
0.7,0.79,3,226,4,0,0,0,0,1
0.5,0.58,4,96,3,0,0,0,1,0
0.61,1.0,4,133,4,0,0,0,1,0
0.98,0.53,4,214,2,0,0,0,1,0
0.61,0.77,4,252,2,0,0,0,1,0
0.85,0.56,3,199,4,0,0,0,1,0
0.42,0.85,3,150,3,0,0,0,1,0
0.56,0.75,4,141,3,0,0,0,1,0
0.88,0.8,4,239,3,0,0,0,1,0
0.72,0.7,3,163,3,1,0,0,0,1
0.15,0.8,5,121,5,0,0,0,0,1
0.6,0.5,5,203,3,0,0,0,0,1
0.38,0.51,3,151,2,0,0,0,0,1
0.81,0.77,4,239,3,0,0,0,0,1
0.75,0.53,3,166,3,0,0,0,0,0
0.52,0.92,3,268,3,0,0,0,1,0
0.51,1.0,5,196,4,0,0,0,0,1
0.66,0.62,4,241,3,0,0,0,0,1
0.8,0.87,5,251,3,0,0,0,0,1
0.85,0.69,3,263,3,0,0,0,0,1
0.77,0.73,3,224,2,1,0,0,1,0
0.29,0.4,4,138,4,0,0,0,1,0
0.15,0.67,6,167,6,0,0,0,1,0
0.73,0.83,5,266,5,0,0,0,1,0
0.55,0.74,2,116,3,0,0,0,1,0
0.2,0.69,2,160,4,0,0,0,1,0
0.56,0.68,3,144,3,1,0,0,1,0
0.55,0.54,3,190,3,0,0,0,1,0
0.9,0.49,6,175,4,0,0,0,1,0
0.96,0.81,4,183,3,0,0,0,0,1
0.86,0.9,3,158,2,0,0,0,0,1
0.67,0.76,2,210,2,0,0,0,0,1
0.9,0.59,3,247,2,0,0,0,0,1
0.52,0.8,3,156,3,0,0,0,0,1
0.57,0.89,3,202,2,0,0,0,0,1
0.55,0.83,3,157,2,0,0,0,0,1
0.2,0.83,4,258,4,0,0,0,0,0
0.89,0.66,4,176,3,0,0,0,0,0
0.15,0.56,4,214,5,0,0,0,0,0
0.8,0.6,3,212,3,0,0,0,0,0
0.55,0.48,4,271,6,1,0,0,0,0
0.53,0.64,5,281,4,0,0,0,0,0
0.62,0.77,3,204,4,0,0,0,0,0
1.0,0.58,3,112,2,0,0,0,0,0
0.31,0.75,3,120,4,0,0,0,0,0
0.62,0.51,5,134,3,0,0,0,0,0
0.73,0.61,5,222,3,0,0,0,0,0
0.52,0.61,3,203,3,0,0,0,0,0
0.33,0.65,2,239,5,0,0,0,1,0
0.64,0.52,3,269,2,0,0,0,0,1
0.88,0.81,4,235,6,0,0,0,0,1
0.52,0.99,3,136,3,0,0,0,0,1
0.95,0.81,5,210,4,0,0,0,0,1
0.96,0.62,5,230,2,0,0,0,0,1
0.98,0.58,5,186,3,0,0,0,0,1
0.51,0.51,2,271,3,0,0,0,0,1
1.0,0.63,2,105,2,0,0,0,0,1
0.97,0.67,2,147,2,0,0,0,0,1
0.79,0.56,4,177,3,0,0,0,0,0
0.64,0.45,3,135,6,0,0,0,1,0
0.84,0.76,5,243,3,0,0,0,0,1
0.94,0.57,3,166,4,0,0,0,0,1
0.7,0.79,4,194,3,0,0,0,0,1
0.64,1.0,4,201,2,0,0,0,0,1
0.56,0.88,4,248,2,0,0,0,0,1
0.32,0.81,5,111,4,0,0,0,0,1
0.75,0.72,5,174,3,0,0,0,0,1
0.78,0.58,3,241,3,1,0,0,0,1
0.7,0.49,4,173,3,0,0,0,0,1
0.13,0.48,3,210,3,0,0,0,0,0
0.53,0.85,5,268,3,1,0,0,0,1
0.41,0.48,3,135,3,0,0,0,0,0
0.9,0.64,4,201,2,1,0,0,0,1
0.67,0.9,5,171,3,0,0,0,0,1
0.22,0.7,4,225,4,0,0,0,0,1
0.35,0.56,3,144,3,0,0,0,0,1
0.66,0.96,4,185,2,1,0,0,0,1
0.63,0.82,5,275,3,1,0,0,0,1
0.89,0.67,3,269,3,0,0,0,0,1
0.88,0.75,4,201,2,0,0,0,0,1
0.73,0.6,4,166,3,0,0,0,0,0
1.0,0.83,4,280,4,1,0,0,1,0
0.99,0.89,4,254,3,1,0,0,0,1
0.12,0.84,5,230,4,0,0,0,0,1
0.64,0.43,5,269,3,0,0,0,0,1
0.65,0.72,3,248,4,0,0,0,0,1
0.56,0.57,4,161,3,0,0,0,0,1
0.88,0.62,4,237,2,0,0,0,0,1
0.54,0.68,3,144,5,0,0,0,0,1
0.34,0.82,6,202,3,0,0,0,1,0
0.5,0.76,3,174,3,0,0,0,0,1
0.59,0.61,3,210,2,0,0,0,0,1
0.68,0.58,4,186,2,0,0,0,0,1
0.85,0.82,5,184,3,0,0,0,0,1
0.83,0.77,3,260,2,0,0,0,0,1
0.7,0.58,4,207,2,1,0,0,0,1
0.16,0.76,6,210,5,0,0,0,0,1
0.66,0.95,5,206,2,0,0,0,0,1
0.81,0.84,4,173,4,0,0,0,0,1
0.96,0.74,5,194,4,1,0,0,0,1
0.66,0.54,5,203,2,0,0,0,0,1
0.83,0.53,3,186,4,0,0,0,0,1
0.99,0.9,4,175,3,1,0,0,0,0
0.99,0.83,4,274,2,0,0,0,1,0
0.67,0.78,4,193,3,0,0,0,0,1
0.54,0.61,2,264,3,0,0,0,0,1
0.22,0.69,3,212,3,0,0,0,0,1
0.25,0.82,5,244,5,1,0,0,0,1
0.73,0.98,4,216,2,0,0,0,1,0
0.52,0.98,4,165,2,0,0,0,1,0
0.76,0.79,3,111,2,0,0,0,1,0
0.78,0.6,3,232,2,0,0,0,1,0
0.59,0.52,6,190,4,0,0,0,0,1
0.54,0.71,3,145,3,1,0,0,0,1
0.34,0.69,2,193,3,0,0,0,0,1
0.91,0.82,3,183,2,0,0,0,0,1
0.49,0.61,3,240,3,0,0,0,0,1
0.71,1.0,5,210,3,0,0,0,0,1
0.64,0.72,4,152,3,1,0,0,0,1
0.6,0.61,4,140,4,0,0,0,0,1
0.91,0.66,3,208,4,0,0,0,0,1
0.92,0.6,3,198,2,0,0,0,0,1
0.91,0.52,3,178,3,0,0,0,0,1
0.88,0.77,3,279,3,1,0,0,0,1
0.86,0.82,3,263,6,0,0,0,0,0
0.81,0.54,3,215,4,1,0,0,1,0
0.84,0.73,3,181,3,1,0,0,0,1
0.56,0.55,2,270,3,0,0,0,0,1
0.6,0.52,3,236,3,0,0,0,0,1
0.79,0.56,4,248,3,0,0,0,1,0
0.18,0.73,6,231,4,0,0,0,1,0
0.33,1.0,2,210,3,1,0,0,0,1
0.15,0.92,5,164,3,0,0,0,0,1
0.61,0.78,4,198,3,0,0,0,0,1
0.92,0.55,4,220,2,0,0,0,0,1
0.13,0.61,6,283,5,0,0,0,0,1
0.18,0.48,4,240,4,0,0,0,0,1
0.27,0.85,5,142,6,0,0,0,0,1
0.66,0.61,4,263,4,0,0,0,0,1
0.21,0.81,5,142,4,0,0,0,0,1
0.92,0.9,4,203,4,0,0,0,0,1
0.97,0.5,3,266,3,1,0,0,0,1
0.97,0.7,3,253,3,0,0,0,0,1
0.64,0.61,4,136,3,0,0,0,0,0
0.75,0.9,3,140,3,0,0,0,1,0
0.9,0.76,4,252,4,0,0,0,0,1
0.81,0.75,5,101,5,0,0,0,0,1
0.99,0.72,3,163,3,0,0,0,0,1
0.49,0.5,5,170,2,0,0,0,0,1
0.75,0.92,3,211,3,0,0,0,0,1
0.66,0.56,4,185,3,0,0,0,0,1
0.92,0.64,4,259,2,0,0,0,0,1
0.19,0.72,4,102,3,0,0,0,0,1
0.39,0.37,5,156,4,0,0,0,0,1
0.41,0.68,3,191,4,0,0,0,0,1
0.6,0.49,3,239,2,0,0,0,0,1
0.95,0.54,4,235,4,0,0,0,0,1
0.51,0.87,2,130,4,0,0,0,0,1
0.54,0.74,2,166,3,0,0,0,0,1
0.16,0.54,5,206,5,0,0,0,0,1
0.98,0.77,3,191,2,0,0,0,0,1
0.65,0.75,3,214,3,0,0,0,0,1
0.38,0.5,3,196,3,0,0,0,0,1
0.95,0.71,4,151,4,0,0,0,0,1
0.6,0.62,5,165,2,0,0,0,0,1
0.78,0.91,3,177,2,0,0,0,0,0
0.19,0.63,6,241,6,0,0,0,0,0
0.56,0.99,4,230,3,0,0,0,0,0
0.21,0.71,4,270,2,0,0,0,0,0
0.73,0.62,4,247,4,0,0,0,1,0
0.73,0.97,4,163,3,0,0,0,0,1
0.97,0.9,5,262,3,0,0,0,0,1
0.6,0.59,4,201,3,0,0,0,0,1
0.82,0.67,3,229,3,0,0,0,0,1
0.95,0.48,4,228,2,0,0,0,0,1
0.88,0.65,5,228,3,0,0,0,0,1
0.79,0.49,3,273,3,0,0,0,0,1
0.52,0.96,4,171,2,0,0,0,0,1
0.22,0.61,3,148,5,0,0,0,0,1
0.59,0.96,5,211,3,0,0,0,0,1
0.84,0.64,2,211,3,0,0,0,0,1
0.54,0.41,3,175,3,0,0,0,0,1
1.0,0.86,4,245,4,0,0,0,0,1
0.93,0.59,3,273,2,1,0,0,0,1
0.96,0.55,3,225,4,1,0,0,0,1
0.56,0.41,5,152,3,0,0,0,0,1
0.49,0.66,5,194,3,0,0,0,0,1
0.89,0.51,4,185,3,1,0,0,0,0
0.57,0.91,3,193,2,0,0,0,1,0
0.84,0.93,3,159,3,0,0,0,1,0
0.72,0.61,3,175,3,0,0,0,0,0
0.97,0.74,4,209,2,0,0,0,1,0
0.92,0.83,4,268,4,0,0,0,1,0
0.95,0.53,3,264,3,0,0,0,1,0
0.76,0.64,4,234,2,0,0,0,0,0
0.24,0.62,5,199,4,0,0,0,1,0
0.89,0.99,4,205,2,0,0,1,0,1
0.69,0.63,5,140,4,0,0,1,0,0
0.92,0.98,3,257,3,0,0,1,0,1
0.79,0.61,4,227,2,0,0,1,0,0
0.87,0.94,4,189,3,0,0,1,0,1
0.89,0.88,5,241,2,1,0,0,0,1
0.75,0.77,5,199,4,0,0,0,0,1
0.78,0.6,4,206,3,0,0,0,0,1
0.13,0.62,5,268,3,0,0,0,0,1
0.94,0.86,3,221,3,1,0,0,0,1
0.94,0.88,4,262,2,0,0,0,0,1
0.67,0.6,5,253,6,0,0,0,0,1
0.6,0.73,5,241,3,0,0,0,0,0
0.9,0.67,2,229,4,0,0,0,1,0
0.93,0.91,2,238,2,1,0,0,1,0
0.83,0.86,4,98,4,0,0,0,1,0
0.61,0.73,5,156,4,0,0,0,1,0
0.97,0.89,4,248,2,0,0,0,1,0
0.5,0.81,3,170,2,0,0,0,1,0
0.84,0.54,3,245,3,0,0,0,1,0
0.58,0.38,4,203,5,0,0,0,1,0
0.59,0.72,3,182,3,0,0,0,0,1
0.77,0.83,3,175,3,0,0,1,0,1
0.78,0.4,4,145,5,1,0,1,0,1
0.6,0.96,4,220,3,1,0,1,0,1
0.53,0.77,4,259,2,1,0,1,0,1
0.73,0.69,3,228,2,0,0,1,0,1
0.76,0.94,3,189,3,0,0,0,0,1
0.12,0.61,6,257,3,0,0,0,0,1
0.2,0.98,3,180,6,0,0,0,0,1
0.5,0.77,4,180,3,0,0,0,0,1
0.79,0.65,5,215,2,1,0,0,0,1
0.96,0.68,3,132,2,0,0,0,0,1
0.79,0.79,4,231,2,0,0,0,1,0
0.92,0.67,2,252,2,0,0,0,1,0
0.99,0.75,4,163,2,0,0,0,1,0
0.77,0.85,4,189,2,0,0,0,1,0
0.49,0.52,3,156,2,0,0,0,1,0
0.98,0.58,3,183,3,0,0,0,1,0
0.18,0.54,6,209,5,1,0,0,1,0
0.8,0.82,4,271,4,0,0,0,1,0
0.81,0.77,5,251,2,0,0,0,1,0
0.13,0.61,5,198,5,0,0,0,0,1
0.58,0.97,3,274,4,1,0,1,0,1
0.75,0.63,4,209,3,0,0,1,0,1
0.8,0.94,4,271,4,0,0,1,0,1
0.78,0.6,4,143,2,0,0,1,0,1
0.92,0.6,5,236,3,1,0,1,0,1
0.85,0.98,5,222,3,0,0,1,0,1
0.52,0.63,3,233,3,0,0,1,0,1
0.95,0.84,3,270,3,1,0,1,0,1
0.81,0.92,5,258,3,0,0,1,0,1
0.16,0.82,6,202,4,1,0,1,0,1
0.92,0.99,3,176,8,0,0,0,0,1
0.62,0.79,4,268,6,0,0,0,0,1
0.73,0.88,5,233,4,1,0,0,0,1
0.32,0.86,4,214,5,0,0,0,0,1
0.78,0.96,2,285,3,0,0,0,0,0
0.65,0.91,4,224,2,1,0,0,1,0
0.56,0.92,4,224,3,0,0,0,0,1
0.96,0.89,3,142,4,0,0,0,0,1
0.79,0.82,4,220,3,0,0,0,0,1
0.66,0.58,4,244,3,0,0,0,0,1
0.67,0.68,4,171,3,0,0,0,1,0
0.86,0.82,4,274,2,1,0,0,1,0
0.57,0.72,4,214,2,1,0,0,1,0
0.86,0.87,5,171,2,0,0,0,1,0
0.52,0.59,5,150,2,0,0,0,1,0
0.73,0.61,4,260,2,1,0,0,1,0
0.78,0.63,5,259,3,0,0,0,1,0
0.95,0.63,3,153,2,0,0,0,1,0
0.75,0.61,3,263,3,0,0,0,1,0
0.83,0.52,2,149,2,1,0,0,1,0
0.96,0.85,4,247,3,0,0,0,0,0
0.95,0.8,3,225,2,0,0,0,0,0
0.84,0.63,3,121,3,1,0,0,1,0
0.44,0.51,2,219,4,0,0,0,1,0
0.94,0.73,4,204,2,0,0,0,1,0
0.85,0.94,5,235,4,0,0,0,1,0
0.75,0.51,2,215,2,1,0,0,1,0
0.76,0.67,5,243,3,0,0,0,1,0
0.13,0.97,4,162,6,0,0,0,1,0
0.6,0.79,4,262,3,0,0,0,1,0
0.45,0.55,4,206,2,0,0,0,1,0
0.49,1.0,2,125,4,1,0,0,1,0
0.19,0.36,3,167,5,0,0,0,1,0
0.68,0.89,5,218,5,0,0,0,1,0
0.53,0.91,5,181,3,0,0,0,1,0
1.0,0.77,5,269,3,0,0,0,1,0
0.99,0.86,3,167,2,0,0,0,1,0
0.29,0.75,6,271,10,0,0,0,0,1
0.54,0.83,4,201,8,1,0,0,0,1
0.25,0.9,6,229,8,0,0,0,0,1
0.8,0.75,4,224,3,0,0,1,0,1
0.61,0.89,3,242,10,0,0,0,0,0
0.47,0.79,3,284,10,0,0,0,1,0
0.22,0.7,2,274,10,0,0,0,0,0
0.5,0.48,4,130,10,0,0,0,0,0
0.56,0.87,3,146,10,0,0,0,1,0
0.84,0.85,4,207,10,0,0,0,1,0
0.69,0.72,4,210,2,1,0,0,0,0
0.53,0.64,3,143,2,0,0,0,1,0
0.17,0.57,4,116,3,0,0,0,0,1
0.48,0.71,2,162,3,1,0,0,0,0
0.94,0.51,3,242,3,0,0,0,0,1
0.77,0.89,4,153,7,0,0,0,0,1
1.0,0.72,5,194,7,1,0,0,0,1
0.49,0.65,4,233,7,0,0,0,0,1
0.93,0.73,4,283,7,0,0,0,0,0
0.38,0.43,3,188,7,0,0,0,0,1
0.6,0.54,4,182,6,0,0,0,0,1
0.5,0.82,2,286,6,0,0,0,0,1
0.97,0.55,5,212,6,0,0,0,0,0
0.81,0.62,3,240,6,0,0,1,1,0
0.9,0.51,4,137,6,0,0,0,0,1
0.64,0.67,3,143,6,0,0,0,0,1
0.76,0.82,4,170,6,0,0,0,0,1
0.97,0.41,5,135,6,0,0,0,0,1
0.69,0.76,3,174,6,0,0,0,0,1
0.98,0.55,3,166,6,1,0,0,0,1
0.18,0.61,5,174,6,0,0,0,0,1
0.62,0.91,3,251,10,0,0,0,0,1
0.29,0.37,6,187,10,1,0,0,0,0
0.87,0.48,5,170,3,0,0,0,1,0
0.91,0.64,3,241,10,0,0,0,0,1
0.53,0.79,3,221,10,1,0,0,0,1
0.69,0.73,4,257,10,1,0,0,0,1
0.14,0.58,4,275,10,0,0,0,0,1
0.7,0.77,4,245,2,0,0,0,1,0
0.77,0.75,6,246,6,0,0,0,1,0
0.77,0.76,6,263,6,0,0,0,1,0
0.76,0.99,3,133,4,0,0,0,1,0
0.66,0.49,4,157,3,0,0,0,1,0
0.51,0.73,4,229,3,0,0,0,1,0
0.36,0.73,2,111,2,0,0,0,1,0
0.62,0.97,2,271,3,0,0,0,1,0
0.98,0.58,4,133,3,0,0,0,1,0
0.53,0.7,4,223,3,0,0,0,1,0
0.8,0.95,4,272,2,0,0,0,1,0
0.73,0.77,3,233,3,0,0,0,0,1
0.82,0.8,3,162,3,0,0,0,0,1
0.62,0.75,5,165,4,0,0,0,0,1
0.87,0.48,5,242,3,0,0,0,0,1
0.43,0.65,4,124,2,0,0,0,0,1
0.57,0.6,2,163,3,0,0,0,0,1
0.91,0.77,3,144,3,0,0,0,0,1
0.75,0.59,5,149,4,0,0,0,0,1
0.76,0.8,5,217,2,0,0,0,0,1
0.85,0.49,4,139,2,0,0,0,0,1
0.56,0.67,3,270,2,0,0,0,0,1
0.86,0.84,3,177,3,0,0,0,0,1
0.21,0.43,5,175,2,1,0,0,0,0
0.94,0.59,3,151,2,0,0,0,1,0
0.98,0.74,3,185,3,0,0,0,0,1
0.42,0.45,3,227,3,0,0,0,0,1
0.98,0.89,4,218,2,0,0,0,0,1
1.0,0.93,5,167,3,0,0,0,0,1
0.95,0.52,3,183,2,1,0,0,1,0
0.95,0.5,4,259,3,0,0,0,1,0
0.68,0.53,3,138,2,1,0,0,1,0
0.64,0.38,5,122,4,0,0,0,1,0
0.24,0.62,6,225,6,0,0,0,1,0
0.37,0.72,3,121,2,0,0,0,1,0
0.67,0.4,4,274,3,0,0,0,1,0
0.86,0.89,4,153,4,0,0,0,1,0
0.43,0.38,3,119,2,0,0,0,1,0
0.67,0.67,4,141,2,1,0,0,1,0
0.51,0.97,4,258,2,0,0,0,0,1
0.86,0.95,4,149,3,0,0,1,0,1
0.69,0.59,4,264,3,0,0,0,0,1
0.87,0.87,5,207,2,0,0,0,0,0
0.17,0.78,3,239,6,0,0,0,1,0
0.94,0.51,6,239,5,0,0,0,0,1
0.5,1.0,4,258,3,0,0,0,0,1
0.16,0.72,3,203,3,0,0,0,0,1
0.89,0.99,2,258,3,0,0,0,0,1
0.64,0.55,4,215,2,0,0,0,1,0
0.77,0.71,5,250,3,1,0,0,0,1
0.89,0.63,4,270,3,1,0,0,0,1
0.16,0.98,3,232,5,0,0,0,0,1
0.77,0.99,4,260,3,0,0,0,0,1
0.69,0.48,5,232,4,0,0,0,0,1
0.61,0.81,4,134,3,0,0,0,0,1
0.59,0.81,4,189,3,0,0,0,0,1
0.19,0.8,6,157,6,1,0,0,1,0
0.49,0.66,3,155,3,0,0,1,1,0
0.55,0.64,3,178,2,0,0,1,1,0
0.68,0.4,3,213,5,1,0,1,1,0
0.55,0.67,3,150,2,0,0,1,1,0
0.59,0.62,3,166,2,0,0,0,1,0
0.91,0.8,5,169,4,0,0,0,1,0
0.48,0.9,4,208,3,0,0,0,1,0
0.84,0.66,3,209,2,0,0,0,1,0
0.71,0.53,4,196,2,1,0,0,1,0
0.51,0.64,3,203,3,0,0,0,1,0
0.49,0.49,3,168,7,0,0,0,1,0
0.77,0.75,3,170,7,0,0,0,1,0
0.31,0.86,3,266,7,0,0,0,1,0
0.54,0.76,3,183,3,0,0,0,1,0
0.56,0.66,4,264,3,0,0,0,1,0
0.65,0.77,4,205,3,0,0,0,1,0
0.49,0.36,2,192,3,0,0,0,1,0
0.6,0.91,5,211,3,0,0,0,1,0
0.64,0.79,4,139,3,0,0,0,1,0
0.57,0.66,3,268,3,0,0,0,1,0
0.56,0.98,5,171,3,1,0,0,1,0
0.6,0.9,4,260,2,0,0,0,0,1
0.17,0.66,6,224,3,0,0,0,0,1
0.74,0.49,4,233,3,0,0,0,0,1
0.44,0.41,3,125,7,0,0,0,0,1
0.51,0.89,4,233,7,0,0,0,0,1
0.86,0.57,3,162,7,0,0,0,0,1
0.96,0.48,4,198,7,0,0,0,0,1
0.87,0.82,4,198,7,0,0,0,0,1
0.58,0.79,3,243,3,1,0,0,0,1
0.24,0.56,4,281,7,0,0,0,0,1
0.42,0.8,4,259,7,1,0,0,0,1
0.65,0.94,4,184,7,0,0,0,0,1
0.73,0.92,6,189,3,1,0,0,0,1
0.63,0.6,4,258,3,0,0,0,0,1
0.95,0.48,4,225,3,0,0,0,0,1
0.52,0.83,5,145,3,0,0,0,0,1
0.96,0.55,3,164,3,0,0,0,0,1
0.66,0.51,4,254,2,0,0,0,0,1
0.98,0.44,4,154,6,1,0,0,0,1
0.56,0.79,5,248,3,0,0,0,0,1
0.97,0.54,3,154,8,1,0,0,0,1
0.72,0.92,3,242,8,0,0,0,0,1
0.74,0.78,4,194,8,0,0,0,0,1
0.2,0.6,5,261,8,0,0,0,0,1
0.73,0.56,3,245,8,0,0,0,0,1
0.76,0.79,3,247,3,0,0,0,1,0
0.65,0.54,4,147,10,0,0,0,1,0
0.66,0.5,3,139,10,1,0,0,1,0
0.96,0.97,6,137,10,0,0,0,1,0
0.57,0.55,4,177,8,0,0,0,1,0
0.51,0.86,3,182,10,0,0,0,1,0
0.66,0.9,4,177,7,0,0,0,1,0
0.78,0.8,3,135,7,0,0,0,0,1
0.82,0.65,5,178,7,1,0,0,0,1
0.54,0.64,3,190,7,0,0,0,0,1
0.95,0.84,3,240,7,0,0,0,0,1
0.65,0.85,4,172,3,0,0,0,0,1
0.83,0.55,3,271,7,0,0,0,0,1
0.15,0.6,5,188,7,0,0,0,0,1
0.88,0.58,3,145,8,0,0,0,1,0
0.72,0.75,4,211,4,0,0,0,0,1
0.49,0.94,4,175,3,0,0,0,0,1
0.57,0.91,4,224,10,0,0,0,0,1
0.63,0.65,3,190,10,0,0,0,0,1
0.91,0.63,5,240,7,0,0,0,0,1
0.7,0.68,5,225,7,0,0,0,0,1
0.66,0.95,5,192,7,0,0,0,0,1
0.94,0.64,5,247,10,0,0,0,0,1
0.76,0.85,3,180,7,0,0,0,0,1
0.88,0.51,3,211,7,0,0,0,0,1
0.31,0.63,4,104,7,1,0,0,0,1
0.17,0.66,6,174,3,0,0,0,0,1
0.91,0.77,3,195,7,0,0,0,0,1
0.97,0.38,5,211,7,1,0,0,0,1
0.61,0.77,5,232,7,0,0,0,0,1
0.74,0.67,5,216,3,0,0,0,1,0
0.98,0.99,4,261,10,1,0,0,1,0
0.95,0.77,5,199,10,1,0,0,0,1
0.17,0.61,6,154,10,1,0,0,0,1
0.92,0.68,4,138,7,0,0,0,0,1
0.64,0.48,3,147,7,0,0,0,0,0
0.27,0.42,6,173,7,0,0,0,0,1
0.66,0.87,3,223,7,0,0,0,0,0
0.59,0.69,3,200,3,0,0,0,1,0
0.93,0.98,4,189,10,0,0,0,0,1
0.51,0.75,3,133,3,0,0,0,0,1
0.23,0.7,3,123,5,0,0,0,0,1
0.77,0.58,4,202,3,0,0,0,0,1
0.54,0.63,4,140,3,0,0,0,0,1
0.63,0.85,4,182,3,1,0,0,0,0
0.55,0.45,3,179,2,1,0,0,1,0
0.31,0.63,3,150,3,1,0,0,0,1
0.98,0.74,4,151,3,0,0,0,0,1
0.16,0.95,6,117,7,0,0,0,0,1
0.54,0.78,3,156,7,0,0,0,0,1
0.73,0.48,3,211,7,0,0,0,0,1
0.16,0.63,6,286,7,0,0,1,0,1
0.57,0.82,5,233,7,0,0,1,0,1
0.88,0.88,4,222,3,1,0,1,0,1
0.95,0.81,4,258,7,0,0,1,0,1
0.93,0.7,5,231,7,0,0,1,0,0
0.91,0.58,3,220,7,0,0,1,1,0
0.77,0.82,4,134,3,0,0,1,1,0
0.24,0.94,6,141,3,1,0,0,1,0
0.74,0.74,5,160,3,1,0,0,0,0
0.53,0.59,4,259,3,0,0,0,1,0
0.89,0.77,5,232,3,0,0,0,1,0
0.23,0.77,5,272,2,0,0,0,1,0
0.69,0.66,3,215,6,0,0,0,0,0
0.52,0.72,4,222,3,0,0,0,1,0
0.9,0.58,3,244,8,0,0,0,1,0
0.92,0.63,5,224,8,1,0,0,1,0
0.72,0.59,5,200,8,1,0,0,1,0
0.92,0.61,4,143,8,0,0,0,1,0
0.79,0.86,5,238,8,0,0,0,1,0
0.48,0.89,4,145,3,0,0,0,1,0
0.27,0.76,4,108,10,0,0,0,0,1
0.67,0.49,3,247,10,0,0,0,0,1
0.48,0.7,3,213,10,0,0,0,0,1
0.88,0.83,4,273,10,0,0,0,0,1
0.73,0.72,4,233,2,0,0,0,1,0
0.88,0.53,3,218,4,0,0,0,1,0
0.65,0.4,5,125,4,0,0,0,1,0
0.84,0.5,4,178,2,0,0,0,1,0
0.93,0.5,5,272,3,0,0,0,1,0
0.64,0.6,3,265,4,0,0,0,1,0
0.66,0.72,4,271,3,0,0,0,1,0
0.76,0.56,3,179,3,1,0,0,1,0
0.9,0.54,4,172,4,0,0,0,0,1
0.61,0.42,3,145,4,0,0,1,0,1
0.72,0.71,4,256,3,0,0,1,0,1
0.67,0.91,2,245,2,1,0,1,0,1
0.9,0.56,3,151,3,0,0,0,0,1
0.9,0.73,4,245,2,0,0,0,1,0
0.63,0.61,4,171,3,0,0,0,1,0
0.64,0.88,3,252,2,0,0,0,1,0
0.66,0.6,3,210,2,0,0,0,1,0
0.81,0.81,5,250,4,0,0,1,0,1
0.53,0.68,4,173,3,0,0,0,0,1
0.42,0.96,6,173,3,0,0,0,0,1
0.64,0.67,4,252,3,1,0,0,0,1
0.63,0.5,2,230,4,0,0,0,0,1
0.81,0.81,4,212,2,1,0,0,0,1
0.71,0.66,5,187,2,0,0,0,0,1
0.7,0.83,5,241,2,0,0,0,0,1
0.62,0.76,5,198,3,0,0,0,1,0
0.92,0.94,2,224,2,0,0,0,1,0
0.81,0.92,4,268,3,0,0,0,1,0
0.79,0.62,5,167,3,0,0,0,1,0
0.53,0.64,3,168,3,0,0,0,1,0
0.51,0.56,4,168,2,0,0,0,1,0
0.78,0.9,5,158,3,0,0,0,1,0
0.5,0.91,3,240,3,0,0,0,1,0
0.92,1.0,4,261,4,0,0,0,0,1
0.6,0.42,2,109,6,0,0,0,1,0
0.72,0.99,3,143,4,0,0,0,1,0
0.73,0.97,3,174,3,0,0,0,1,0
0.89,0.55,4,159,2,0,0,0,0,1
0.74,0.94,4,157,2,0,0,0,0,1
0.83,0.57,2,222,2,0,0,0,0,1
0.24,0.88,5,199,5,1,0,0,0,1
0.93,0.89,3,255,7,1,0,0,0,1
0.96,0.62,4,253,7,0,0,0,0,1
0.16,0.68,5,149,7,1,0,0,0,1
0.21,0.85,6,285,7,0,0,0,0,1
0.69,0.54,3,164,7,0,0,0,0,1
0.66,0.96,3,243,3,1,0,0,0,1
0.67,0.39,2,207,7,0,0,0,0,1
0.85,0.58,4,186,7,0,0,0,0,1
0.37,0.92,4,211,7,0,0,0,0,0
0.64,0.64,2,190,3,0,0,0,1,0
0.91,0.82,2,241,3,0,0,0,0,1
0.96,0.68,3,206,3,0,0,0,0,1
0.74,0.7,4,273,3,0,0,0,0,1
0.94,0.99,2,157,3,0,0,0,0,1
0.37,0.72,3,183,2,0,0,0,1,0
0.92,0.85,3,151,6,1,0,0,1,0
0.86,0.72,3,217,3,0,0,0,1,0
0.66,0.49,5,235,8,1,0,0,1,0
0.19,0.61,4,127,8,0,0,0,1,0
0.65,0.61,5,167,8,0,0,0,1,0
0.92,0.44,3,260,8,0,0,0,1,0
0.83,0.8,3,240,8,0,0,0,1,0
0.94,0.82,4,187,3,0,0,0,1,0
0.42,0.69,3,126,2,0,0,0,1,0
0.78,0.53,6,168,3,0,0,0,1,0
0.58,0.76,4,197,5,0,0,0,1,0
0.5,0.64,2,170,8,0,0,0,1,0
0.88,0.74,3,273,10,0,0,0,0,1
0.49,0.88,4,244,3,0,0,0,1,0
0.71,0.69,4,222,4,0,0,0,0,1
0.52,0.62,5,239,2,0,0,0,0,1
0.48,0.72,3,143,4,0,0,0,0,1
0.82,0.79,3,160,3,0,0,0,0,1
0.83,0.76,2,255,7,0,0,0,1,0
0.85,0.87,4,152,7,0,0,0,1,0
0.57,0.64,4,226,7,0,0,0,1,0
0.52,0.55,5,174,3,1,0,0,0,1
0.79,0.87,4,223,5,0,0,0,0,1
0.49,0.89,4,201,8,0,0,0,0,1
0.73,0.67,2,139,8,0,0,0,0,1
0.67,0.49,5,241,8,0,0,0,0,1
0.52,0.61,4,187,4,1,0,0,0,1
0.72,0.64,4,192,3,0,0,0,0,1
