gender,SeniorCitizen,Partner,Dependents,tenure,PhoneService,MultipleLines,InternetService,OnlineSecurity,OnlineBackup,DeviceProtection,TechSupport,StreamingTV,StreamingMovies,Contract,PaperlessBilling,MonthlyCharges,TotalCharges,Churn
1,0,0,0,45,0,1,0,2,0,2,2,0,0,1,0,42.3,1840.75,0
1,0,0,1,62,1,0,0,2,2,0,0,0,0,1,0,56.15,3487.95,0
1,0,0,0,49,1,2,1,0,2,2,0,2,2,0,1,103.7,5036.3,1
1,0,0,1,71,1,2,1,2,0,2,0,2,2,2,0,106.7,7382.25,0
1,0,1,0,12,1,0,2,1,1,1,1,1,1,1,0,19.8,202.25,0
0,0,0,0,30,1,0,0,2,2,0,0,0,0,0,1,55.3,1530.6,0
1,0,0,0,1,1,0,2,1,1,1,1,1,1,0,0,20.2,20.2,0
1,1,0,0,1,1,0,0,0,0,0,0,0,0,0,0,45.25,45.25,0
0,0,1,1,72,1,2,1,2,2,0,2,2,0,2,0,99.9,7251.7,0
0,0,0,0,11,1,2,1,0,0,2,0,2,2,0,1,97.85,1105.4,1
1,0,0,0,60,1,2,1,0,2,0,0,2,0,0,1,89.9,5450.7,0
1,0,1,0,72,0,1,0,2,2,2,0,0,0,2,0,42.1,2962.0,0
0,0,1,1,50,1,0,2,1,1,1,1,1,1,2,0,20.15,930.9,0
1,1,1,1,64,1,2,1,2,0,2,2,2,2,2,1,111.6,7099.0,0
1,0,1,1,62,1,2,2,1,1,1,1,1,1,2,1,24.25,1424.6,0
0,0,0,1,3,1,0,0,2,0,0,2,0,2,0,1,64.5,177.4,0
0,0,1,0,7,1,0,1,0,0,2,0,0,0,0,1,75.15,496.9,1
0,0,0,0,42,1,0,1,0,2,2,2,2,2,0,1,103.8,4327.5,0
0,0,1,0,49,1,0,2,1,1,1,1,1,1,2,1,20.15,973.35,0
0,0,1,0,35,1,0,0,2,0,0,0,2,0,1,1,62.15,2215.45,0
0,0,1,1,48,1,0,2,1,1,1,1,1,1,2,0,20.65,1057.0,0
1,0,1,1,30,1,0,1,0,2,2,0,0,0,0,0,82.05,2570.2,0
1,0,0,0,72,1,2,1,0,2,2,0,2,2,2,1,100.9,7459.05,0
1,0,0,0,52,1,0,2,1,1,1,1,1,1,2,0,21.0,1107.2,0
1,0,0,0,38,1,2,1,0,0,2,2,2,0,1,0,95.0,3605.6,0
0,1,1,0,66,0,1,0,0,2,2,0,2,0,1,0,45.55,3027.25,0
1,0,1,0,68,1,2,1,0,2,2,2,2,2,2,1,110.0,7611.85,1
0,0,0,0,36,0,1,0,2,0,0,0,0,0,2,0,31.05,1126.35,0
1,0,1,0,72,1,2,2,1,1,1,1,1,1,2,1,23.55,1723.95,0
1,0,0,0,67,1,0,0,0,0,0,2,0,0,2,0,50.55,3260.1,0
0,0,0,0,23,1,0,1,2,0,0,0,0,0,0,1,75.0,1778.5,0
0,0,1,0,61,1,2,1,0,2,0,0,2,2,2,1,101.05,5971.25,0
1,1,1,0,71,1,2,2,1,1,1,1,1,1,2,0,23.95,1756.2,0
0,0,1,1,14,1,0,1,0,0,0,0,0,2,0,1,80.9,1152.8,0
0,0,0,0,22,1,2,1,0,0,0,0,2,0,0,1,84.15,1821.95,0
1,0,0,0,10,1,2,2,1,1,1,1,1,1,2,0,25.7,251.6,0
1,0,0,0,53,1,2,0,0,2,2,2,0,2,2,1,73.9,3958.25,0
0,0,0,0,4,1,0,1,0,0,0,0,0,0,0,1,70.9,273.0,1
1,0,1,0,72,1,2,0,2,2,2,2,2,2,2,1,89.05,6254.45,0
1,0,1,0,43,1,0,1,2,0,2,2,0,0,1,1,84.25,3539.25,0
0,0,1,0,53,1,0,1,0,0,2,0,2,2,1,1,94.85,5000.2,1
0,0,0,0,32,1,0,2,1,1,1,1,1,1,1,0,20.55,654.55,0
0,1,0,0,7,1,0,1,2,0,0,0,0,0,0,0,76.45,503.6,1
0,0,1,1,15,1,2,1,0,2,2,0,2,2,0,1,105.35,1559.25,0
0,0,0,0,1,0,1,0,0,2,0,0,0,0,0,0,29.95,29.95,1
1,0,0,0,8,1,2,1,0,0,0,0,0,2,0,0,84.5,662.65,1
0,0,1,1,69,1,0,2,1,1,1,1,1,1,2,0,19.75,1375.4,0
1,0,1,1,24,1,2,2,1,1,1,1,1,1,2,1,24.1,587.4,0
1,0,1,1,72,1,2,1,0,2,2,2,2,2,2,1,112.25,8041.65,0
0,0,0,0,33,1,0,1,0,2,0,2,0,0,1,1,79.95,2684.85,0
0,0,1,0,57,0,1,0,2,2,2,0,2,2,0,1,58.75,3437.45,0
1,0,1,0,66,0,1,0,2,2,2,2,2,0,2,1,56.6,3789.2,0
1,0,1,1,65,1,2,0,0,2,2,2,2,2,2,1,84.2,5324.5,0
0,0,0,0,8,1,0,1,0,0,0,0,2,0,0,1,80.0,624.6,0
0,0,1,0,71,1,2,2,1,1,1,1,1,1,2,0,24.75,1836.9,0
0,0,0,0,12,1,0,2,1,1,1,1,1,1,1,1,19.35,219.35,0
0,0,0,0,72,1,2,0,0,2,2,2,2,2,2,0,86.6,6350.5,0
1,0,0,0,72,1,2,1,0,2,2,2,2,2,2,0,109.2,7878.3,0
0,0,0,0,31,0,1,0,2,2,0,2,0,2,2,1,49.85,1520.1,0
1,0,0,0,50,1,2,2,1,1,1,1,1,1,2,0,24.9,1195.25,0
1,0,0,0,1,0,1,0,0,0,0,0,0,0,0,0,24.8,24.8,1
1,1,1,0,21,1,0,0,2,2,0,0,0,2,0,1,64.95,1339.8,0
0,0,0,0,5,1,0,0,0,2,0,0,0,0,0,0,50.55,244.75,0
1,0,0,0,23,1,0,0,0,0,0,0,2,2,1,1,64.9,1509.8,0
0,0,0,0,1,1,0,2,1,1,1,1,1,1,0,1,19.25,19.25,0
0,1,0,0,54,1,2,0,2,2,0,2,2,2,1,0,82.45,4350.1,1
1,0,0,0,69,0,1,0,2,2,0,2,2,2,2,1,60.05,4176.7,0
1,0,1,1,68,1,2,0,0,2,2,2,0,2,1,1,75.8,5293.95,1
0,1,0,0,32,1,0,0,0,2,0,2,0,0,0,0,54.65,1830.1,0
0,0,1,1,66,1,2,0,2,2,2,0,0,0,0,1,67.45,4508.65,0
0,0,1,0,70,1,0,2,1,1,1,1,1,1,2,0,19.45,1303.5,0
0,1,1,0,64,1,0,1,2,2,2,0,0,2,1,0,97.0,6430.9,0
1,0,1,1,4,1,2,1,0,2,2,0,0,0,0,1,84.8,371.9,1
0,0,0,0,10,1,0,1,0,0,0,0,0,2,0,1,80.25,846.0,1
0,0,0,0,41,1,0,1,0,2,0,2,2,2,2,1,98.8,3959.15,0
1,0,0,0,18,1,0,1,0,0,0,2,0,0,0,1,75.9,1373.05,0
1,0,0,0,5,1,0,1,0,0,2,0,2,2,0,0,96.5,492.55,1
1,0,1,0,23,1,0,0,2,0,0,0,0,2,0,1,59.95,1406.0,0
0,0,1,0,25,1,2,1,0,0,2,2,2,2,0,1,104.95,2566.5,1
0,0,1,0,41,1,0,1,0,2,2,2,0,0,1,1,86.2,3339.05,0
1,1,1,1,72,0,1,0,2,2,2,2,2,2,2,1,64.8,4732.35,0
1,0,0,0,48,1,2,1,0,2,2,0,2,2,2,1,108.1,5067.45,0
0,0,0,0,27,1,2,1,0,0,0,0,2,2,0,1,95.6,2595.25,0
1,1,1,0,27,1,2,0,0,2,2,2,2,2,0,1,84.8,2309.55,0
1,1,1,0,33,1,2,1,2,0,2,2,2,2,0,1,109.9,3694.7,0
0,0,0,0,32,1,0,2,1,1,1,1,1,1,1,0,19.75,624.15,0
0,0,1,0,68,1,0,0,2,0,0,2,0,0,1,0,55.9,3848.8,0
1,0,1,1,60,1,2,1,2,0,2,0,2,0,1,1,95.4,5812.0,0
0,0,1,0,46,1,2,2,1,1,1,1,1,1,1,1,24.45,1066.15,0
0,1,1,0,48,1,0,1,0,0,0,0,0,0,0,1,70.65,3545.05,0
0,0,1,1,16,1,0,1,0,2,0,0,0,0,0,0,73.25,1195.75,0
1,0,1,0,70,1,2,1,0,2,2,2,0,2,2,1,98.7,6858.9,0
0,1,0,0,1,1,0,1,0,0,2,0,0,0,0,1,75.3,75.3,1
0,0,0,0,7,1,0,1,0,0,0,0,0,0,0,1,69.85,515.45,0
0,0,0,0,10,0,1,0,2,2,2,0,0,0,0,0,40.7,449.3,0
0,1,1,0,55,1,2,0,0,0,0,0,0,0,0,0,51.65,2838.55,0
1,1,1,0,52,1,2,1,0,2,2,0,2,2,1,1,105.1,5376.4,0
1,0,0,0,18,1,2,1,0,0,0,0,0,0,0,1,75.6,1395.05,0
0,0,1,0,68,1,2,0,2,0,0,2,0,0,1,0,58.25,3975.7,0
1,0,0,0,12,1,0,0,0,0,0,0,0,0,0,1,45.4,518.9,1
1,0,1,0,36,1,0,2,1,1,1,1,1,1,1,0,20.85,720.05,0
1,0,1,0,35,1,2,1,0,0,0,2,0,2,0,1,89.85,3161.2,0
0,0,1,1,52,1,2,2,1,1,1,1,1,1,2,1,25.05,1270.25,0
1,0,1,1,72,1,0,1,2,2,0,2,2,2,2,0,105.5,7611.55,0
1,0,1,0,60,0,1,0,0,2,2,2,2,2,0,1,60.2,3582.4,0
1,0,1,1,28,1,0,1,0,2,2,2,2,0,1,0,92.9,2768.35,0
0,0,1,1,30,1,0,0,0,2,2,2,2,2,2,0,80.8,2369.3,0
0,0,1,0,24,1,0,0,0,2,0,0,2,2,0,1,69.45,1614.05,0
1,1,1,0,72,1,2,1,2,2,2,2,2,2,2,1,116.05,8404.9,0
0,0,0,1,15,1,0,1,0,0,0,0,0,0,0,0,69.0,994.8,1
0,0,1,0,48,0,1,0,2,0,2,0,0,2,0,1,45.3,2145.0,1
0,0,1,0,72,1,2,1,0,2,2,2,2,2,1,1,108.5,8003.8,0
1,0,0,0,72,1,2,0,0,2,2,2,2,2,2,1,88.6,6201.95,0
0,0,1,1,1,0,1,0,2,0,2,2,2,0,2,1,52.55,52.55,0
1,0,1,1,63,1,2,1,0,2,2,0,2,2,2,1,104.8,6597.25,0
1,1,1,0,61,1,2,0,0,2,0,0,0,2,1,0,64.05,3902.6,0
1,0,0,0,22,0,1,0,0,2,2,0,0,2,1,1,43.75,903.6,1
0,0,1,0,70,1,0,2,1,1,1,1,1,1,2,0,19.8,1397.65,0
0,0,0,0,12,1,2,1,2,2,2,0,0,2,0,1,99.7,1238.45,1
0,0,1,1,70,1,2,0,2,0,0,0,0,2,1,0,65.2,4543.15,0
0,0,1,1,52,1,0,1,2,0,2,2,0,0,0,1,84.05,4326.8,0
0,0,0,0,56,1,2,1,0,2,0,2,2,2,0,1,105.45,5916.95,0
1,0,0,0,40,1,2,1,0,0,2,2,2,2,0,0,104.8,4131.95,1
0,1,1,0,27,1,0,1,2,0,0,0,0,0,0,1,75.2,1929.35,1
1,0,1,1,55,1,2,1,0,0,0,0,0,2,0,0,85.5,4713.4,0
0,0,0,0,23,1,2,1,0,0,0,0,0,0,0,0,75.6,1758.6,1
0,1,0,0,56,1,2,1,0,2,2,2,2,0,2,1,99.9,5706.3,0
0,0,1,0,63,1,2,1,0,2,0,0,0,0,0,1,81.55,5029.05,0
0,0,1,1,60,1,0,0,0,2,2,2,2,2,2,1,80.6,4946.7,0
0,0,1,1,72,1,2,1,2,2,2,2,2,2,2,1,113.1,8248.5,0
1,0,0,0,10,1,2,1,0,0,0,0,2,0,0,1,86.05,834.1,1
1,0,1,1,34,1,0,1,0,0,0,0,0,2,1,1,78.95,2647.2,0
0,0,0,0,65,1,2,1,0,2,0,2,2,2,1,1,105.05,6744.25,0
1,1,1,0,50,1,2,1,2,2,2,0,2,0,1,1,101.9,5265.5,0
1,0,1,1,72,1,2,1,2,2,2,0,2,2,2,1,110.3,7966.9,0
0,0,1,1,72,1,2,1,2,2,2,2,2,2,2,1,115.6,8220.4,0
1,0,1,1,55,1,0,2,1,1,1,1,1,1,2,0,19.35,1153.25,0
1,0,0,0,32,1,2,1,0,2,0,0,0,0,0,1,80.35,2596.15,1
0,0,1,1,56,1,2,0,2,0,2,0,0,2,1,1,68.75,3808.0,0
0,0,0,0,1,1,0,2,1,1,1,1,1,1,0,0,19.9,19.9,0
1,0,0,0,7,1,0,0,0,0,2,2,2,0,0,0,64.3,445.95,0
1,1,0,0,47,1,2,0,0,2,0,2,0,0,2,0,59.6,2754.0,0
1,0,1,1,31,1,2,1,2,0,2,0,2,0,1,0,98.05,3082.1,0
0,0,1,1,66,1,2,1,0,0,0,0,0,0,1,1,74.25,4859.25,0
0,0,0,0,32,1,2,1,2,0,2,2,2,2,1,1,109.55,3608.0,0
1,0,1,1,72,1,2,1,2,2,2,2,2,2,2,0,114.55,8306.05,0
0,1,1,0,65,1,2,1,2,0,2,0,2,2,0,0,105.25,6786.4,1
1,0,0,0,50,1,2,0,0,0,2,2,0,2,2,0,69.5,3418.2,0
0,0,0,0,57,1,2,1,2,2,0,2,0,0,0,1,87.55,4884.85,0
0,0,0,0,7,1,2,1,0,2,0,0,0,0,0,1,78.55,522.95,0
1,1,1,1,10,0,1,0,0,0,0,0,0,2,0,1,34.55,362.6,0
0,0,0,0,7,1,0,2,1,1,1,1,1,1,0,0,20.0,137.6,1
1,1,1,1,43,1,2,1,0,2,2,2,2,2,0,1,110.75,4687.9,1
0,0,1,0,46,1,2,0,2,0,0,0,0,0,0,0,55.0,2473.95,0
0,0,0,0,40,0,1,0,2,0,0,2,2,2,1,1,54.55,2236.2,0
1,0,0,0,31,1,0,1,0,0,2,2,2,2,2,0,99.45,3109.9,0
1,1,1,1,56,1,2,1,2,0,2,0,2,2,1,1,104.55,5794.65,1
1,0,1,1,68,1,2,2,1,1,1,1,1,1,2,0,25.4,1620.2,0
0,1,0,0,49,1,0,1,0,2,2,0,0,2,1,1,89.85,4287.2,0
0,0,0,0,3,1,0,1,0,0,0,0,0,0,0,1,69.55,222.3,1
1,0,1,0,45,1,0,0,2,2,2,0,2,2,1,0,78.8,3597.5,0
1,0,1,0,37,1,0,2,1,1,1,1,1,1,0,0,20.35,697.65,0
0,0,1,1,57,1,0,2,1,1,1,1,1,1,2,0,19.5,1167.6,0
1,0,0,0,49,0,1,0,0,0,2,0,0,0,0,1,30.2,1453.1,0
0,0,1,0,70,0,1,0,0,2,2,2,2,2,2,0,57.8,4039.3,0
0,0,1,1,53,1,0,2,1,1,1,1,1,1,1,1,19.85,1039.45,0
0,0,0,0,48,1,2,2,1,1,1,1,1,1,1,0,24.55,1203.95,0
1,0,1,0,45,1,2,1,0,2,0,0,0,0,0,0,81.4,3775.85,0
0,0,1,1,61,1,0,0,0,0,2,2,2,2,2,1,73.8,4616.05,0
1,0,0,0,51,1,2,2,1,1,1,1,1,1,1,1,24.6,1266.4,0
1,0,0,0,51,1,2,1,0,0,0,0,0,2,0,0,83.4,4149.45,0
1,0,1,1,31,1,2,0,2,2,0,2,0,2,1,1,75.25,2344.5,0
1,0,1,0,72,1,2,0,0,2,2,2,2,2,2,1,85.15,6316.2,0
1,1,1,1,47,1,0,1,0,2,0,0,2,0,1,1,84.95,4018.05,0
1,0,1,1,66,1,2,0,0,0,2,0,2,0,2,1,63.3,4189.7,0
0,0,0,0,25,1,0,1,2,2,0,0,0,0,0,1,79.85,2015.35,1
1,1,0,0,27,1,2,1,0,2,0,2,2,2,1,1,104.65,2964.0,0
0,0,1,0,71,0,1,0,0,2,2,2,2,2,2,0,58.25,4145.9,0
1,0,0,0,32,1,2,1,0,0,0,0,0,2,0,1,85.65,2664.3,0
0,0,1,1,72,1,2,1,2,0,0,0,0,0,2,0,79.05,5730.7,0
0,0,1,0,27,1,2,1,0,0,2,0,0,2,0,0,90.15,2423.4,0
1,1,0,0,42,1,2,1,0,2,0,0,0,0,0,1,79.35,3344.1,0
0,1,1,0,72,1,2,0,2,2,2,2,2,2,2,1,89.85,6697.35,0
1,1,1,1,72,1,2,1,2,2,2,2,2,2,2,1,114.95,8196.4,0
1,0,0,0,66,1,0,2,1,1,1,1,1,1,2,0,19.7,1253.8,0
0,0,0,1,15,1,0,1,0,2,0,0,0,2,0,1,85.9,1269.55,1
0,0,1,1,72,1,2,1,2,2,0,2,0,0,2,1,90.35,6563.4,0
0,0,1,1,72,1,2,0,2,0,2,2,0,0,2,0,66.85,4758.8,0
1,0,0,0,14,1,0,2,1,1,1,1,1,1,1,0,20.4,275.7,0
1,0,0,1,63,0,1,0,2,2,0,2,0,0,1,1,40.6,2588.95,0
1,0,1,1,72,1,2,0,2,0,0,0,0,0,2,0,55.3,3983.6,0
0,0,1,0,34,1,2,0,2,0,0,2,0,0,0,1,60.85,2003.6,0
1,0,0,0,72,1,2,0,2,2,2,2,0,0,2,0,69.65,4908.25,0
0,0,1,1,20,1,2,2,1,1,1,1,1,1,0,1,25.55,507.4,0
0,0,1,1,72,1,2,0,0,0,2,0,2,2,2,1,76.8,5468.45,0
1,0,0,0,58,1,2,1,0,2,2,0,2,2,1,1,103.25,6017.65,1
1,0,1,1,34,0,1,0,2,0,0,0,0,0,1,0,30.4,938.65,0
1,1,0,0,5,1,0,2,1,1,1,1,1,1,0,0,20.05,94.15,0
0,0,1,1,55,1,0,1,0,2,2,2,2,2,1,1,103.7,5656.75,0
1,1,1,0,7,1,2,1,0,0,0,0,2,2,0,1,95.6,644.35,1
0,0,1,1,12,1,0,2,1,1,1,1,1,1,1,0,19.8,229.6,1
0,0,0,0,13,0,1,0,2,0,0,0,0,0,0,1,30.85,394.1,0
0,0,0,0,65,1,0,0,2,2,2,2,2,2,2,1,84.85,5459.2,0
0,0,1,1,72,1,2,1,2,2,2,2,2,2,2,1,115.8,8476.5,0
1,0,1,1,64,1,2,1,2,0,2,0,0,2,2,0,93.4,5822.3,0
1,0,1,0,62,0,1,0,0,0,0,2,2,0,2,1,39.0,2337.45,0
0,0,1,0,72,1,2,1,2,0,2,2,2,0,2,1,98.2,7015.9,0
1,0,0,1,45,1,2,1,0,0,2,0,2,2,2,0,99.7,4634.35,0
0,0,0,1,51,0,1,0,2,0,2,2,2,2,1,0,60.15,3077.0,0
1,0,0,0,33,1,2,0,0,2,0,0,0,0,0,1,54.65,1665.2,0
0,1,0,0,27,1,2,1,2,2,2,0,2,2,1,1,110.5,2857.6,0
1,0,1,1,50,1,2,1,0,2,2,0,2,2,0,1,103.85,5017.9,1
1,0,1,0,71,1,2,1,2,2,2,2,2,2,2,1,116.1,8310.55,0
0,0,0,0,12,1,0,1,2,0,0,2,2,2,0,1,98.9,1120.95,1
1,0,0,0,19,1,0,0,0,2,0,2,0,2,1,1,65.35,1231.85,0
1,0,1,1,72,1,2,1,2,0,2,0,2,2,1,1,106.1,7848.5,0
1,0,1,1,72,1,2,2,1,1,1,1,1,1,2,1,25.2,1798.9,0
0,1,0,0,23,1,0,1,2,0,0,0,0,0,0,1,75.4,1643.55,0
1,0,0,0,72,0,1,0,2,2,2,2,2,2,2,1,65.55,4807.45,0
1,0,1,0,60,1,2,2,1,1,1,1,1,1,1,0,24.15,1505.9,0
0,0,1,1,32,1,0,0,2,2,2,2,0,2,0,0,76.3,2404.15,0
0,0,0,0,16,1,0,1,0,2,0,0,0,0,0,0,75.1,1212.85,0
1,0,0,0,33,1,0,1,0,2,0,2,0,0,2,0,80.6,2651.1,0
0,0,0,1,24,1,0,2,1,1,1,1,1,1,1,0,21.05,531.55,0
0,0,1,0,72,0,1,0,2,2,2,2,2,2,2,0,65.5,4919.7,0
0,0,1,1,54,1,2,1,2,2,0,0,2,2,0,1,104.1,5645.8,0
0,0,0,0,3,1,2,1,0,0,0,0,0,0,0,0,74.4,215.8,1
1,0,1,1,35,1,0,2,1,1,1,1,1,1,2,0,20.5,759.35,0
0,0,1,1,71,1,2,2,1,1,1,1,1,1,2,0,25.45,1813.35,0
1,0,0,0,25,1,2,0,2,2,2,2,0,2,0,0,81.75,2028.8,0
1,1,1,0,7,0,1,0,2,0,0,0,0,0,0,0,29.8,220.45,0
1,1,1,0,8,1,0,0,2,0,0,0,2,0,0,0,60.9,551.95,0
0,1,0,0,56,1,2,0,2,0,2,2,0,2,2,0,73.25,4054.2,0
1,0,1,0,49,1,2,1,2,2,0,0,2,0,0,1,93.85,4733.1,0
1,0,0,0,58,1,0,0,0,2,2,2,2,0,2,0,70.1,4048.95,0
0,0,1,1,35,1,0,0,2,0,0,2,0,0,1,1,54.95,1916.0,0
0,0,0,0,20,1,0,2,1,1,1,1,1,1,0,1,19.5,413.0,0
0,0,1,1,72,1,2,2,1,1,1,1,1,1,2,0,23.75,1679.25,0
0,1,1,0,33,1,2,1,0,2,0,0,0,0,0,1,80.6,2656.5,1
0,0,0,0,12,1,0,0,0,0,0,0,0,0,0,0,43.8,540.95,0
1,0,0,0,1,1,0,2,1,1,1,1,1,1,0,0,19.75,19.75,0
0,0,1,0,56,1,0,1,2,0,2,0,0,0,2,0,80.3,4513.65,0
1,0,1,0,72,1,0,2,1,1,1,1,1,1,2,0,20.7,1492.1,0
1,0,0,0,9,1,0,1,0,0,0,2,2,2,0,1,95.9,827.45,0
0,0,0,0,64,1,2,2,1,1,1,1,1,1,1,1,24.4,1601.2,0
0,1,1,0,60,1,0,1,2,2,2,2,2,2,2,1,110.0,6668.35,0
0,0,1,1,50,1,0,1,0,0,0,0,0,0,0,1,69.75,3557.7,0
1,0,1,1,27,1,2,0,0,0,0,2,2,2,0,0,71.6,1957.1,0
0,0,1,0,62,1,2,2,1,1,1,1,1,1,2,0,23.65,1416.75,0
0,0,1,0,71,1,0,0,2,0,2,2,2,2,2,0,81.85,5924.4,0
1,0,1,1,68,1,2,1,2,2,2,2,2,2,2,1,114.7,7849.85,0
0,0,0,1,16,1,0,2,1,1,1,1,1,1,1,1,19.3,360.35,0
1,0,1,1,32,1,0,1,0,0,0,0,0,0,0,1,69.75,2347.9,1
0,0,0,0,8,1,0,0,2,0,0,2,0,0,1,0,54.25,447.75,0
0,0,1,1,43,1,2,1,0,0,2,0,2,2,0,1,99.3,4209.95,0
1,0,1,0,40,1,2,1,0,0,0,0,2,2,0,1,97.1,3706.95,1
1,0,1,1,2,1,0,1,0,0,0,0,2,2,0,1,89.55,185.55,1
1,0,1,1,26,1,0,2,1,1,1,1,1,1,1,1,20.05,505.9,0
0,0,1,0,34,1,0,0,0,0,0,2,0,0,0,0,50.2,1815.3,0
1,0,0,0,10,1,0,0,2,0,0,2,2,0,0,0,62.25,612.95,0
0,0,0,0,23,1,2,1,2,0,0,0,2,0,0,1,90.05,2169.8,1
1,0,1,0,49,1,2,1,0,2,0,0,2,2,0,1,99.05,4853.75,1
0,0,0,0,2,1,0,1,0,0,0,0,0,0,0,0,69.75,144.55,1
1,0,0,0,22,0,1,0,0,0,2,2,2,2,2,0,56.75,1304.85,0
1,0,0,0,7,1,2,1,0,0,2,0,2,2,0,1,98.05,713.0,1
0,0,1,1,59,1,2,1,0,2,0,2,0,2,0,1,96.65,5580.8,0
0,0,0,0,41,1,2,1,2,2,2,2,2,2,0,1,114.5,4527.45,1
1,0,0,0,32,1,0,2,1,1,1,1,1,1,2,1,20.05,614.45,0
0,1,0,0,11,1,0,1,0,0,0,0,2,2,0,0,89.7,1047.7,1
1,0,0,0,32,1,2,1,2,0,0,2,0,0,0,0,87.65,2766.4,0
0,0,0,0,51,1,2,1,2,2,2,0,2,2,1,0,107.45,5680.9,0
1,0,0,0,29,1,0,0,0,0,2,2,2,2,1,1,75.35,2243.9,0
1,0,1,1,41,1,2,0,0,2,2,0,2,0,1,0,68.5,2839.95,0
0,0,1,0,7,1,0,0,2,0,2,2,2,2,0,0,81.25,580.1,0
0,0,0,0,63,1,2,1,0,2,0,0,2,2,2,0,97.45,6253.0,0
0,0,1,0,69,1,2,2,1,1,1,1,1,1,2,0,24.25,1641.8,0
1,0,0,0,60,0,1,0,2,2,2,0,0,0,2,0,39.6,2424.5,0
0,0,0,0,4,1,0,1,2,0,2,2,0,2,0,1,94.4,387.2,1
1,0,1,1,70,0,1,0,2,0,2,2,2,2,2,0,59.5,4144.8,0
1,0,1,1,25,1,0,0,2,2,2,0,0,0,1,1,61.6,1611.0,0
1,0,0,0,12,1,0,0,0,2,0,0,0,0,0,1,49.05,593.05,0
0,0,1,0,14,1,2,0,2,0,0,0,2,0,0,1,64.7,941.0,1
0,1,1,0,11,1,2,1,0,0,2,2,2,2,0,1,104.05,1133.65,1
0,1,1,0,72,1,2,1,2,2,2,2,2,2,2,1,114.65,8333.95,0
1,0,1,1,11,1,2,0,2,0,0,0,2,0,0,1,65.15,723.35,0
0,0,1,0,32,1,0,1,2,0,0,0,0,0,0,1,75.5,2324.7,0
0,0,1,1,45,1,2,2,1,1,1,1,1,1,2,1,24.65,1138.8,0
0,0,0,0,67,1,0,0,2,0,2,2,0,2,1,1,72.35,4991.5,0
0,0,0,0,12,1,2,1,0,2,0,0,2,0,0,1,89.75,1052.4,1
0,1,1,0,71,1,2,0,2,2,2,2,0,2,2,1,82.7,5831.2,0
1,0,0,0,39,1,0,0,0,0,0,2,0,0,2,1,49.8,1971.15,0
1,1,0,0,21,1,0,0,0,0,2,0,2,0,0,1,60.05,1236.15,1
0,0,1,0,58,1,2,0,2,0,0,2,0,0,1,1,61.05,3478.75,0
0,1,0,0,71,1,2,1,0,0,2,0,2,2,2,0,104.05,7413.55,0
0,0,0,0,42,1,0,2,1,1,1,1,1,1,2,1,20.75,844.45,0
1,0,1,0,53,1,0,1,0,2,0,0,2,2,1,1,94.25,4867.95,1
0,0,1,1,69,1,0,2,1,1,1,1,1,1,2,0,20.2,1412.65,0
1,0,0,0,19,1,2,1,0,0,0,0,0,2,0,1,86.0,1532.45,1
1,0,0,0,17,1,2,0,2,0,0,0,0,2,0,0,65.75,1111.2,0
0,0,1,0,72,1,2,2,1,1,1,1,1,1,2,0,24.65,1830.05,0
1,0,0,0,30,1,2,1,2,2,2,0,0,0,1,0,90.4,2820.65,0
0,0,1,1,70,1,2,2,1,1,1,1,1,1,2,0,24.7,1685.9,0
0,0,0,0,15,1,0,2,1,1,1,1,1,1,0,0,19.4,289.3,1
0,0,1,1,24,1,2,1,0,2,2,0,0,0,1,0,83.15,2033.05,0
0,0,1,0,56,1,2,1,0,0,2,2,2,2,2,0,103.2,5744.35,0
0,1,1,0,68,1,2,1,0,2,0,0,0,2,0,1,89.6,6127.6,1
1,0,1,0,64,1,2,0,0,2,2,2,2,0,2,1,76.1,4818.8,0
1,0,1,1,62,1,2,1,2,2,2,2,2,2,2,0,115.55,7159.05,0
0,0,1,1,62,1,2,1,2,0,0,0,2,2,2,1,101.15,6638.35,0
1,0,1,0,25,1,0,2,1,1,1,1,1,1,1,1,20.95,495.15,0
0,1,1,0,72,1,2,1,2,2,2,2,2,2,2,1,114.85,8317.95,0
0,0,0,0,36,1,0,2,1,1,1,1,1,1,1,1,19.25,679.8,0
1,0,0,0,63,1,2,0,2,2,2,2,0,0,1,0,68.8,4111.35,0
0,0,0,0,62,1,2,0,0,2,2,2,2,2,2,0,84.5,5193.2,0
1,0,1,1,67,1,2,1,0,2,2,2,2,2,2,1,111.2,7530.8,0
0,0,1,1,70,1,2,0,2,0,0,2,2,2,2,1,80.6,5460.2,0
0,1,0,0,20,1,0,1,0,0,0,0,2,0,0,0,80.7,1614.2,0
0,0,1,1,69,1,0,2,1,1,1,1,1,1,2,0,19.7,1396.9,0
1,1,1,0,15,1,2,1,0,0,0,0,0,2,0,1,85.6,1345.55,1
0,0,0,0,28,1,0,0,0,0,2,0,2,0,0,1,59.55,1646.45,0
1,0,0,0,48,1,2,0,2,0,0,2,0,2,1,1,70.95,3629.2,0
1,0,1,1,60,1,0,0,2,2,2,2,0,0,1,1,65.85,3928.3,0
0,0,1,0,10,1,0,2,1,1,1,1,1,1,0,1,19.95,187.75,0
0,0,1,0,71,1,2,2,1,1,1,1,1,1,2,1,24.65,1710.15,0
0,0,1,1,43,0,1,0,2,2,0,2,2,0,1,1,51.25,2151.6,0
1,0,1,0,59,1,2,1,0,0,2,0,2,2,1,1,99.5,5961.1,1
0,0,1,0,72,1,0,2,1,1,1,1,1,1,2,0,19.4,1496.45,0
1,0,0,0,69,1,2,2,1,1,1,1,1,1,2,0,23.95,1713.1,0
0,0,1,0,15,1,0,1,0,2,0,0,0,0,0,0,75.35,1114.55,0
1,0,0,0,31,1,0,2,1,1,1,1,1,1,2,0,20.4,609.1,0
1,0,1,1,72,0,1,0,2,0,2,2,2,2,2,0,60.95,4549.05,0
1,0,1,0,48,1,2,1,2,2,2,0,2,2,0,1,111.45,5315.1,0
0,0,1,0,72,1,2,0,2,2,2,2,2,2,2,0,92.0,6474.4,0
1,0,1,0,59,0,1,0,0,2,0,0,0,2,0,1,41.05,2452.7,1
0,0,0,0,27,1,0,2,1,1,1,1,1,1,2,1,20.25,538.2,0
0,0,1,1,39,1,0,2,1,1,1,1,1,1,2,1,19.85,854.8,0
1,0,1,1,72,1,2,0,2,2,2,2,2,0,2,0,82.3,5815.15,0
0,0,1,1,58,1,2,0,0,2,0,0,2,0,0,1,66.8,3970.4,0
0,0,0,0,70,0,1,0,2,2,2,2,0,0,2,1,44.6,3058.15,0
1,0,1,1,61,1,0,1,0,2,0,2,2,2,1,1,98.45,6145.2,0
0,0,0,0,1,1,2,0,0,0,0,0,0,0,0,1,49.95,49.95,1
1,0,1,1,72,1,2,2,1,1,1,1,1,1,2,0,24.3,1643.25,0
0,0,0,0,35,1,2,2,1,1,1,1,1,1,2,0,23.3,797.1,0
0,0,1,1,43,1,2,1,0,0,2,0,0,2,0,1,92.55,4039.0,0
1,1,0,0,29,1,0,1,0,2,2,0,2,2,0,1,101.45,2948.6,0
1,0,1,1,67,1,2,1,0,2,0,0,0,2,0,1,89.55,6373.1,0
0,0,1,0,43,1,2,0,0,0,0,2,2,0,1,1,64.85,2908.2,0
1,0,0,0,35,1,0,2,1,1,1,1,1,1,0,0,20.75,739.9,0
0,1,1,0,58,1,2,1,0,2,0,0,2,2,1,1,97.8,5458.8,0
0,1,0,0,6,1,0,2,1,1,1,1,1,1,0,0,19.5,106.8,0
1,0,0,0,62,1,2,1,2,2,0,0,0,2,1,1,92.3,5731.45,0
1,0,0,0,37,1,2,1,0,0,0,2,2,2,0,0,98.8,3475.55,1
1,0,1,1,45,1,2,1,0,2,2,0,0,2,0,1,95.95,4456.65,0
0,1,1,0,66,1,2,0,0,2,2,0,2,0,1,1,70.85,4738.85,0
1,0,0,0,11,1,0,1,2,0,2,0,0,0,0,1,79.5,795.65,0
0,0,1,1,52,1,2,1,2,2,2,0,0,2,0,0,98.15,4993.4,0
0,0,1,1,51,1,0,1,2,2,0,0,0,0,0,1,79.15,4018.55,0
0,1,0,0,45,1,2,1,0,0,2,0,2,2,1,1,102.15,4735.35,0
1,0,1,0,68,0,1,0,2,0,2,0,2,2,2,1,54.1,3794.5,0
0,1,1,1,23,1,0,1,0,2,2,0,0,2,0,1,88.45,2130.55,0
0,0,1,1,67,1,0,2,1,1,1,1,1,1,2,1,19.25,1372.9,0
0,0,0,0,29,1,0,0,2,2,2,0,0,2,0,1,68.85,1970.5,1
1,0,1,1,72,1,0,2,1,1,1,1,1,1,2,0,21.0,1493.75,0
0,0,1,0,59,1,0,2,1,1,1,1,1,1,2,0,18.4,1057.85,0
1,0,1,1,69,1,0,0,2,2,2,2,2,0,2,1,75.75,5388.15,0
1,0,0,0,72,1,0,2,1,1,1,1,1,1,2,0,19.85,1434.1,0
1,0,0,0,63,1,2,1,0,2,2,0,2,2,2,1,104.75,6536.5,0
0,0,0,0,60,1,0,2,1,1,1,1,1,1,2,0,19.85,1128.1,0
0,0,1,1,31,1,2,0,0,2,0,2,2,2,2,0,80.55,2471.6,0
0,0,1,1,39,1,0,1,0,0,2,2,0,0,0,1,81.5,3107.3,0
0,0,1,0,53,1,0,1,2,2,2,0,2,2,1,1,106.1,5769.75,1
1,0,0,1,39,0,1,0,2,0,0,2,2,0,1,0,45.05,1790.6,0
1,0,1,1,72,1,0,0,0,2,2,0,2,2,2,1,75.4,5480.25,0
0,0,1,1,23,1,0,2,1,1,1,1,1,1,2,0,20.4,478.75,0
0,1,1,0,68,1,0,0,0,2,2,2,0,0,1,1,60.65,3975.9,0
0,0,1,1,17,1,0,1,0,0,2,2,2,2,1,0,98.6,1704.95,1
0,1,1,0,21,1,2,0,0,2,2,0,0,2,1,0,71.7,1497.05,0
0,0,1,1,56,1,2,0,2,0,0,0,2,0,1,0,65.2,3512.15,0
0,1,0,0,65,0,1,0,0,2,2,0,2,2,2,1,53.5,3517.9,0
0,0,1,1,68,1,2,1,2,0,2,2,2,2,2,1,109.05,7508.55,0
1,0,1,1,48,1,2,2,1,1,1,1,1,1,2,0,26.3,1245.05,0
0,0,0,1,62,1,2,2,1,1,1,1,1,1,2,0,26.0,1638.7,0
1,0,1,0,48,1,2,1,2,2,2,0,2,0,2,1,96.9,4473.45,0
1,0,1,0,27,1,0,2,1,1,1,1,1,1,2,0,19.55,520.55,0
0,0,1,1,70,1,0,0,0,2,2,2,2,2,2,1,80.4,5717.85,0
0,0,0,0,15,1,2,0,2,0,0,0,0,2,0,1,64.65,994.55,1
1,1,1,0,13,1,0,1,0,2,0,2,0,2,0,1,89.05,1169.35,1
0,0,1,0,72,1,2,0,2,2,2,2,2,2,2,1,90.95,6468.6,0
1,0,1,0,67,0,1,0,2,2,0,2,0,2,2,1,50.95,3521.7,0
0,0,1,0,49,1,0,2,1,1,1,1,1,1,1,1,20.05,923.1,0
0,0,1,1,2,0,1,0,0,0,0,2,0,0,0,0,29.05,44.75,0
0,0,0,0,54,1,2,1,0,2,0,0,2,2,2,1,97.2,5129.45,0
0,0,1,0,9,1,0,1,0,0,2,0,0,0,0,1,75.75,655.9,1
1,0,0,0,20,1,2,0,2,0,0,2,0,0,0,0,59.2,1191.2,0
1,0,1,0,68,1,0,0,2,2,2,0,0,2,2,0,70.95,4741.45,0
0,1,1,0,17,1,2,1,2,0,2,0,0,0,0,1,85.35,1463.45,1
0,0,0,0,48,1,2,2,1,1,1,1,1,1,1,0,24.35,1133.7,0
1,0,1,0,72,1,2,0,2,2,2,2,2,2,2,1,87.1,6230.1,0
1,0,1,1,11,1,0,1,0,0,0,0,2,0,0,1,79.5,868.5,1
0,1,1,0,65,1,2,1,0,2,2,0,2,2,0,1,108.8,7082.45,0
0,0,0,0,46,1,2,1,0,0,0,0,2,2,0,0,96.05,4399.5,1
1,0,1,1,66,1,0,1,2,2,2,0,2,2,1,1,103.15,7031.3,0
0,0,1,0,41,1,2,1,2,2,2,2,2,2,0,1,113.6,4594.95,1
1,0,0,0,47,1,0,2,1,1,1,1,1,1,2,0,20.45,943.0,0
0,0,1,0,21,1,2,1,2,0,2,0,2,2,0,1,104.4,2200.25,1
1,0,1,0,52,1,2,0,0,2,0,2,0,0,0,0,61.35,3169.55,0
0,0,0,0,17,1,0,2,1,1,1,1,1,1,1,0,19.9,323.15,0
0,1,0,0,2,1,0,1,0,2,0,0,2,0,0,1,83.8,163.7,0
0,0,0,0,45,1,0,0,2,0,2,2,2,2,2,0,81.65,3618.7,0
1,0,1,0,64,1,2,1,2,2,2,0,0,0,1,0,89.45,5692.65,0
1,0,1,1,72,1,2,1,2,2,2,2,2,2,2,0,114.45,8100.55,0
0,0,1,0,66,1,2,1,0,2,2,2,0,0,1,1,90.55,6130.95,0
1,0,1,1,40,1,0,2,1,1,1,1,1,1,0,1,20.4,745.3,0
1,0,0,0,16,1,2,0,0,2,2,0,0,2,0,1,71.4,1212.1,0
0,0,0,0,2,1,0,1,0,2,0,0,2,0,0,1,87.15,183.75,1
0,0,1,0,41,1,0,1,2,2,2,0,2,2,1,1,104.45,4162.05,0
0,0,0,0,72,1,2,1,2,2,2,2,2,2,2,1,116.45,8013.55,0
0,0,1,1,3,1,2,1,0,0,0,0,0,2,0,1,84.75,264.85,1
0,0,0,0,50,1,0,1,0,0,2,2,0,2,2,1,89.7,4304.5,0
0,1,1,0,72,1,2,1,2,2,2,2,0,0,2,1,96.6,6827.5,0
0,1,0,0,44,1,0,0,0,0,2,2,2,2,1,0,74.85,3268.05,0
1,0,1,1,54,1,0,1,0,2,0,2,0,0,2,1,79.95,4362.05,0
0,0,0,0,68,1,0,2,1,1,1,1,1,1,2,0,20.05,1386.9,0
1,0,1,1,50,1,2,0,0,0,2,0,0,0,1,0,54.9,2614.1,0
1,0,1,1,35,1,2,1,0,2,0,0,2,0,0,1,89.65,3161.6,0
1,0,1,0,71,1,2,1,0,2,2,0,0,2,0,1,93.25,6669.45,0
0,0,1,1,68,1,0,2,1,1,1,1,1,1,2,1,19.35,1292.65,0
1,1,1,0,72,1,2,2,1,1,1,1,1,1,2,1,25.0,1802.55,0
0,0,0,1,18,1,0,2,1,1,1,1,1,1,1,0,20.15,390.85,1
0,1,1,0,42,1,2,1,2,0,2,0,2,2,1,1,105.2,4599.15,0
0,0,1,0,57,1,0,2,1,1,1,1,1,1,2,1,19.6,1134.25,0
0,0,0,0,12,1,0,1,0,0,0,0,0,2,0,0,78.1,947.3,1
1,0,1,1,42,1,2,0,2,2,0,0,2,0,0,1,69.4,3058.3,0
1,0,1,1,72,1,2,2,1,1,1,1,1,1,2,0,24.75,1769.6,0
1,0,0,0,35,1,2,2,1,1,1,1,1,1,1,0,26.2,954.9,0
1,0,0,0,1,1,0,0,0,0,0,0,0,0,0,1,43.85,43.85,0
1,0,1,0,17,1,0,1,0,0,2,0,2,2,1,1,96.65,1588.25,0
1,1,1,0,72,1,2,1,0,2,0,0,2,2,2,0,98.35,6929.4,0
1,0,1,1,60,1,2,1,0,0,0,0,0,0,0,0,74.35,4453.3,0
1,0,1,1,72,1,0,2,1,1,1,1,1,1,2,0,20.3,1401.15,0
0,0,1,1,45,0,1,0,2,0,0,0,2,2,0,1,50.9,2333.85,0
1,0,0,0,1,1,0,2,1,1,1,1,1,1,0,0,20.05,20.05,1
1,0,1,1,65,1,2,1,2,0,2,2,2,2,2,0,108.65,6937.95,1
1,0,0,0,69,0,1,0,0,2,2,0,0,0,1,1,35.75,2492.25,0
0,0,1,1,64,1,2,1,2,0,0,2,2,2,1,1,104.4,6721.6,0
1,0,0,0,1,1,0,0,0,0,0,0,0,0,0,1,44.05,44.05,0
0,0,1,1,41,1,0,2,1,1,1,1,1,1,2,0,19.7,804.25,0
1,0,0,0,26,0,1,0,2,2,0,0,0,2,0,1,44.65,1156.55,0
0,1,1,0,35,1,2,1,2,2,0,2,2,0,0,1,100.5,3653.35,1
1,0,0,0,27,1,0,0,2,2,0,0,0,0,1,0,55.45,1477.65,0
1,0,1,1,67,1,0,0,2,0,2,2,0,0,2,1,60.4,3953.7,0
0,0,0,0,23,1,0,0,0,2,2,0,0,0,1,0,55.8,1327.85,0
1,0,0,1,68,1,2,0,2,2,0,2,2,2,2,1,86.5,5882.75,0
1,1,1,0,30,1,0,0,0,2,0,0,0,0,0,1,50.4,1527.5,1
1,0,1,1,44,1,0,2,1,1,1,1,1,1,1,1,20.5,865.05,0
0,0,0,0,44,1,2,1,0,2,2,0,0,0,0,1,84.8,3862.55,1
1,0,1,0,22,1,0,2,1,1,1,1,1,1,0,1,20.45,471.55,0
1,0,1,1,37,1,0,2,1,1,1,1,1,1,2,0,19.8,726.1,0
0,1,1,1,22,1,2,1,0,0,0,0,2,0,0,0,85.35,1961.6,0
0,0,1,1,59,1,2,0,0,0,2,2,2,0,2,1,72.1,4194.85,0
1,0,1,1,47,1,2,1,0,0,2,2,2,2,0,1,107.35,5118.95,1
0,0,1,0,53,1,2,1,0,2,2,2,2,2,1,1,111.8,5809.75,0
0,0,0,0,51,1,0,2,1,1,1,1,1,1,1,1,19.85,996.95,0
0,0,1,0,51,1,0,0,2,2,0,2,0,0,1,1,60.5,3145.15,0
0,0,1,1,71,1,0,2,1,1,1,1,1,1,2,0,20.5,1500.95,0
0,0,0,0,70,1,2,1,0,2,2,2,0,0,1,1,90.25,6385.95,0
1,0,1,1,67,1,2,1,2,0,0,2,2,2,2,0,104.6,6885.75,0
1,0,1,0,65,1,2,1,0,2,0,0,2,0,0,1,91.85,5940.85,1
0,0,1,1,20,1,2,1,0,0,2,2,0,2,0,1,95.5,1916.2,0
0,0,1,1,49,1,2,1,0,0,0,0,2,2,0,1,95.4,4613.95,0
0,0,0,0,72,1,2,1,2,2,2,0,2,0,2,1,101.3,7261.25,0
1,0,0,0,24,1,2,1,0,2,2,0,0,0,0,1,84.85,2048.8,0
0,0,0,0,42,1,2,0,2,2,0,0,0,0,1,1,60.15,2421.6,0
1,0,0,0,8,1,0,1,0,0,0,0,0,0,0,0,70.7,553.4,0
1,0,0,0,24,1,0,0,2,0,0,0,0,0,0,1,49.55,1210.4,1
0,0,1,1,45,1,0,2,1,1,1,1,1,1,2,1,20.0,886.4,0
0,0,1,1,14,1,2,1,0,2,0,0,0,2,0,1,90.9,1259.0,1
0,0,1,1,69,1,2,1,0,2,0,2,0,2,2,1,93.3,6398.05,0
0,0,1,1,25,1,0,1,0,2,2,0,2,0,0,1,89.15,2257.75,1
0,0,1,1,67,1,2,1,0,0,2,2,2,2,2,1,105.65,6717.9,0
1,0,1,1,70,1,2,0,2,2,2,2,2,0,2,1,79.25,5731.85,0
1,0,0,0,5,1,2,1,0,0,0,0,0,0,0,1,75.9,357.75,1
1,0,1,1,13,1,0,0,0,2,2,2,0,0,0,0,61.8,750.1,0
1,0,1,0,38,1,0,2,1,1,1,1,1,1,2,0,20.4,743.5,0
0,0,1,1,72,1,2,1,2,2,2,2,2,2,2,1,116.85,8477.7,0
1,1,0,0,71,1,2,1,0,2,0,2,2,2,1,0,105.75,7382.85,0
1,0,0,1,2,1,2,0,2,2,0,0,0,0,0,0,60.95,134.6,0
1,0,1,1,41,1,0,0,2,2,2,0,0,0,1,1,60.3,2511.3,0
1,0,1,0,71,1,2,0,2,2,2,2,2,2,2,0,90.55,6404.0,0
0,1,0,0,28,1,2,0,0,2,2,2,0,0,0,0,64.45,1867.6,0
0,0,0,0,69,1,2,1,0,2,2,2,2,2,2,1,110.5,7455.45,0
1,1,0,0,21,1,0,1,0,0,2,0,2,2,0,1,96.8,2030.3,1
0,0,1,0,69,1,2,1,0,2,2,0,0,0,0,1,85.4,5869.4,0
0,0,1,0,71,0,1,0,2,2,2,2,0,0,2,1,47.6,3377.8,0
1,0,1,0,47,1,2,1,0,2,2,0,0,0,0,1,83.35,4065.0,1
1,0,0,0,51,1,2,1,0,2,0,0,0,0,0,0,81.0,4085.75,0
1,0,0,0,72,1,2,0,2,2,2,2,2,2,2,0,86.65,6224.8,0
1,0,1,1,51,1,0,0,2,0,0,2,2,2,1,1,76.4,3966.3,0
0,0,1,1,30,1,0,2,1,1,1,1,1,1,1,0,19.55,608.5,0
1,1,1,0,65,1,2,1,0,2,2,0,2,2,1,1,103.15,6792.45,0
1,0,0,1,39,1,0,2,1,1,1,1,1,1,1,0,19.35,779.2,0
1,0,0,1,1,1,0,1,0,0,0,0,0,0,0,0,69.75,69.75,1
1,0,1,0,69,1,2,1,0,0,2,0,2,2,1,0,99.5,6841.45,0
0,0,0,0,46,1,0,0,0,0,0,0,0,0,0,0,44.95,2168.9,0
1,0,0,0,34,1,2,2,1,1,1,1,1,1,2,0,26.1,980.35,0
0,0,1,1,72,0,1,0,2,2,2,2,2,2,2,0,64.45,4528.0,0
1,0,1,1,46,1,0,2,1,1,1,1,1,1,1,1,20.2,845.6,0
1,0,1,1,12,1,2,2,1,1,1,1,1,1,2,1,25.4,313.0,0
0,0,1,1,54,1,0,0,2,0,2,2,0,2,2,0,69.95,3871.85,0
1,0,0,0,68,1,2,2,1,1,1,1,1,1,2,1,24.15,1498.85,0
1,0,1,0,51,1,2,1,0,2,2,0,2,2,1,1,106.8,5498.8,0
0,0,0,0,15,1,2,2,1,1,1,1,1,1,2,0,25.05,369.1,0
0,0,1,1,72,1,0,0,2,2,2,2,2,2,2,1,83.7,6096.9,0
1,0,1,1,69,1,2,2,1,1,1,1,1,1,2,0,24.45,1718.2,0
1,1,1,0,56,1,0,0,2,2,2,2,2,2,2,1,85.65,4824.45,0
0,0,0,0,36,1,0,0,2,2,2,2,2,2,1,0,85.85,3003.55,0
1,1,1,0,57,1,2,1,0,2,2,0,0,2,0,1,95.25,5427.05,1
1,0,1,0,8,1,0,2,1,1,1,1,1,1,0,1,19.55,161.15,0
0,0,1,0,70,0,1,0,2,0,2,2,0,2,2,1,49.85,3370.2,0
0,1,0,0,64,1,2,1,2,0,2,2,2,2,0,1,108.95,7111.3,0
1,0,1,0,72,1,0,0,2,2,0,2,2,2,2,1,79.35,5753.25,0
0,1,1,0,70,1,2,1,0,2,0,2,2,2,2,1,104.45,7349.35,0
0,0,1,0,69,1,2,1,0,0,2,2,2,2,2,0,105.35,7240.65,0
1,0,1,1,30,1,2,0,2,0,0,0,0,0,0,1,54.45,1588.7,0
0,0,1,1,64,1,0,2,1,1,1,1,1,1,1,0,19.8,1336.65,0
1,1,1,0,72,1,0,0,2,2,2,2,2,0,2,0,74.4,5360.75,0
1,1,1,0,72,1,2,1,2,2,2,2,0,0,2,1,93.05,6735.05,0
0,0,0,0,6,1,0,1,2,2,2,2,0,2,0,1,98.15,567.45,1
1,0,0,0,70,1,2,1,2,2,2,2,2,2,2,1,114.95,7711.25,0
1,1,1,0,52,1,0,1,2,0,2,2,2,2,1,1,104.45,5481.25,0
0,0,0,0,40,1,0,2,1,1,1,1,1,1,2,1,20.6,827.3,0
1,1,1,0,69,1,2,1,0,2,2,2,2,2,2,1,108.4,7318.2,1
0,0,1,0,13,0,1,0,0,0,2,0,2,2,0,1,48.75,633.4,1
1,0,1,0,72,1,2,0,0,2,2,2,2,2,2,0,85.95,6151.9,0
1,0,1,1,34,1,2,1,0,2,0,0,2,2,0,1,97.7,3410.0,0
1,0,1,1,71,1,0,1,2,2,2,0,2,2,1,1,104.65,7288.4,0
1,0,0,0,72,0,1,0,2,2,2,2,2,2,2,1,63.7,4464.8,0
0,0,1,1,72,1,2,0,2,2,2,2,2,2,2,1,93.25,6688.95,0
1,0,1,1,35,1,2,0,0,0,0,2,2,2,1,1,73.45,2661.1,0
0,0,1,1,71,1,2,1,2,2,2,0,2,0,2,0,100.5,7030.65,0
0,1,0,0,65,1,2,1,0,2,2,0,2,0,0,1,95.45,6223.3,0
0,1,1,0,35,1,2,1,0,0,2,0,2,2,0,0,102.05,3452.55,0
0,0,1,1,57,1,2,0,2,2,0,2,0,0,0,0,65.2,3687.85,0
1,0,1,0,17,1,0,1,0,0,0,0,0,0,0,1,70.4,1214.05,1
0,1,0,0,56,1,2,1,0,2,2,0,2,2,1,1,104.75,5510.65,1
1,0,1,1,72,1,0,2,1,1,1,1,1,1,2,0,19.95,1322.85,0
0,0,1,0,68,1,2,1,2,2,2,2,2,2,2,0,114.9,7843.55,0
0,0,0,0,30,1,2,1,2,0,0,2,2,2,0,0,106.4,3211.9,0
0,0,0,1,4,1,0,2,1,1,1,1,1,1,0,1,20.05,85.5,0
1,0,1,1,61,0,1,0,2,0,2,0,0,0,0,0,33.6,2117.2,0
1,0,1,1,72,1,2,1,0,2,2,2,0,0,2,0,90.45,6565.85,0
0,0,0,0,49,1,0,0,2,2,2,2,0,0,2,0,67.4,3306.85,0
1,0,0,0,8,1,0,2,1,1,1,1,1,1,0,1,19.7,168.9,0
1,0,1,1,67,1,0,0,2,2,0,0,0,0,2,1,54.2,3838.2,0
1,0,1,0,33,1,2,0,2,2,2,0,2,0,0,1,72.75,2447.45,0
1,1,0,0,18,1,2,1,0,0,2,2,2,0,0,0,93.9,1743.9,0
1,0,1,0,69,1,2,1,2,2,2,2,2,2,2,1,112.55,7806.5,0
0,1,1,0,71,1,0,1,2,2,2,2,2,2,2,1,109.7,7904.25,0
1,1,1,0,32,1,2,1,0,2,2,0,2,2,0,0,106.35,3520.75,1
1,0,1,1,60,1,2,1,0,2,0,2,2,2,0,1,103.75,5969.95,0
0,0,1,0,12,0,1,0,0,0,2,0,2,2,0,1,49.85,617.15,0
0,0,0,1,9,1,0,1,2,0,2,2,0,2,0,0,93.0,870.25,0
0,0,1,0,71,1,0,0,2,2,2,2,2,2,1,1,84.8,6046.1,0
0,0,1,0,25,1,0,2,1,1,1,1,1,1,1,1,20.2,507.9,0
1,0,0,0,27,1,2,1,0,0,2,0,2,2,1,1,100.5,2673.45,0
0,1,0,0,27,1,2,1,0,2,2,0,0,0,0,1,86.45,2401.05,0
0,0,0,0,11,1,0,0,0,0,2,2,0,0,1,0,53.8,651.55,0
1,0,0,0,68,0,1,0,0,0,2,0,0,2,0,1,39.9,2796.35,0
0,0,0,0,57,1,2,1,2,2,2,0,2,2,2,1,112.95,6465.0,1
1,0,0,1,38,1,2,1,0,0,2,0,2,2,0,1,99.25,3777.15,1
0,0,0,0,8,1,2,1,2,0,0,2,2,2,0,1,103.35,847.3,1
1,0,1,1,17,1,0,2,1,1,1,1,1,1,1,0,19.9,329.75,0
1,0,1,1,11,1,0,0,0,0,2,0,2,0,0,1,59.65,683.25,0
0,0,1,1,72,1,2,1,2,0,2,2,2,2,2,1,110.45,8058.85,0
0,0,0,0,70,1,0,2,1,1,1,1,1,1,1,0,19.7,1341.5,0
1,0,0,1,1,1,0,0,2,2,0,2,0,2,0,1,70.45,70.45,0
1,0,1,0,8,1,2,1,0,0,0,0,0,2,0,1,85.65,659.45,0
1,0,0,0,1,0,1,0,0,0,0,0,0,2,0,1,35.25,35.25,1
1,1,1,0,59,1,2,1,0,0,0,0,2,2,0,1,93.85,5574.75,1
1,1,1,0,61,1,2,2,1,1,1,1,1,1,2,0,25.0,1501.75,0
1,0,0,0,24,1,0,0,2,2,0,2,0,0,0,0,60.45,1440.75,0
1,0,1,1,44,1,0,2,1,1,1,1,1,1,1,0,20.6,926.0,0
0,0,1,1,34,1,0,2,1,1,1,1,1,1,1,1,20.1,682.1,0
0,1,1,0,72,1,2,2,1,1,1,1,1,1,2,0,24.3,1778.7,0
0,0,1,0,72,1,2,2,1,1,1,1,1,1,2,1,25.25,1841.2,0
1,1,1,0,29,1,0,1,2,0,2,0,0,2,1,0,90.1,2656.7,0
0,0,1,0,23,1,0,0,2,0,2,2,0,2,1,1,68.75,1689.45,0
0,0,0,0,64,1,2,1,2,2,2,2,2,2,2,1,115.1,7334.05,0
1,1,0,0,1,1,0,1,0,0,0,0,0,0,0,1,69.5,69.5,1
1,0,0,0,24,1,2,1,0,2,0,0,2,2,0,1,99.65,2404.85,0
0,0,0,0,8,1,0,1,0,0,0,0,2,0,0,1,80.1,679.3,1
0,1,0,0,41,1,0,1,0,0,2,2,2,2,1,1,101.1,4016.2,0
0,1,1,0,70,1,2,0,2,2,2,2,2,2,2,1,92.2,6474.45,0
1,0,0,0,25,1,2,2,1,1,1,1,1,1,1,0,25.3,676.35,1
1,0,0,0,72,1,2,1,2,2,2,2,2,2,2,0,113.4,8164.1,0
0,0,1,1,62,1,0,0,2,0,2,2,2,0,1,1,70.75,4263.45,0
0,0,0,0,12,1,0,2,1,1,1,1,1,1,0,0,19.45,227.45,0
1,0,1,1,66,0,1,0,0,0,0,2,2,2,2,0,50.55,3364.55,0
0,0,1,1,13,1,2,2,1,1,1,1,1,1,2,1,25.0,332.5,0
0,0,1,1,65,1,2,0,2,2,2,2,2,2,2,0,91.55,5963.95,0
0,0,1,0,71,1,2,2,1,1,1,1,1,1,2,0,25.0,1753.0,0
1,1,0,0,39,1,2,1,0,0,0,0,2,2,0,1,95.65,3759.05,1
0,0,0,0,35,1,0,2,1,1,1,1,1,1,0,0,19.25,617.65,0
0,0,1,1,53,1,0,1,0,2,2,2,2,2,0,1,108.25,5935.1,0
0,1,0,0,57,1,0,0,2,0,2,2,2,0,2,0,69.85,4003.0,0
0,1,1,0,25,1,0,1,0,2,2,0,0,2,0,0,88.4,2191.15,0
0,0,1,1,62,1,0,2,1,1,1,1,1,1,2,0,20.3,1296.15,0
0,0,1,0,65,1,2,1,0,2,2,2,2,2,2,1,107.65,7082.85,0
0,0,1,0,71,1,2,0,0,0,2,2,2,2,2,1,80.45,5662.25,0
0,0,1,1,72,1,2,1,0,2,2,2,0,2,2,1,98.65,7129.45,0
0,0,0,0,29,1,2,1,0,0,2,0,2,2,0,0,100.55,2878.75,0
0,0,0,0,72,1,2,0,2,2,2,2,2,2,2,1,91.35,6697.2,0
1,0,1,1,6,1,0,0,0,0,0,0,0,0,0,1,44.6,260.8,1
0,0,1,0,65,1,2,1,2,2,0,2,2,0,1,1,100.15,6643.5,0
1,0,0,0,52,1,0,1,0,2,2,2,2,2,1,1,105.0,5426.85,1
1,0,0,0,22,1,0,1,0,2,2,2,0,2,0,1,94.95,2142.8,0
1,0,0,0,27,1,0,2,1,1,1,1,1,1,1,0,20.1,562.6,0
1,0,0,0,22,1,2,1,2,0,0,0,2,2,0,1,101.35,2317.1,1
1,0,1,1,71,1,0,0,2,2,2,2,2,2,2,0,85.45,6029.9,0
1,0,0,0,69,1,2,1,0,2,0,2,2,2,1,1,105.2,7386.05,0
0,0,1,0,72,1,2,1,2,2,2,0,2,0,2,0,100.65,7334.05,0
1,0,0,0,72,1,0,2,1,1,1,1,1,1,2,0,19.3,1414.8,0
0,0,1,0,71,1,2,0,2,2,2,2,2,2,2,0,87.95,6365.35,0
0,0,1,0,72,1,2,2,1,1,1,1,1,1,2,0,25.65,1887.0,0
0,0,1,1,28,1,0,1,0,0,0,0,2,2,1,1,90.1,2598.95,1
0,0,0,0,54,1,2,1,0,0,2,2,0,2,2,1,95.1,5064.85,0
1,0,0,0,41,1,2,2,1,1,1,1,1,1,0,1,25.25,996.45,0
0,0,1,1,72,1,2,0,2,2,2,2,2,2,2,0,92.65,6733.0,0
1,0,0,0,62,0,1,0,2,2,2,2,0,0,2,1,43.7,2618.3,0
1,0,1,1,62,1,0,2,1,1,1,1,1,1,1,0,19.95,1244.8,0
1,0,0,0,5,1,2,1,0,0,0,0,2,2,0,1,94.85,462.8,1
1,0,0,0,49,1,2,1,0,2,0,2,2,2,1,1,106.65,5168.1,0
1,1,0,0,52,1,2,1,0,0,0,0,0,0,0,1,72.95,3829.75,0
0,0,1,1,43,1,0,0,2,0,2,0,2,2,2,0,75.2,3254.35,0
0,0,1,0,61,1,2,1,0,0,0,2,2,2,1,0,101.15,6383.9,0
1,0,0,0,66,1,2,0,2,2,2,2,0,0,2,0,68.75,4447.55,0
1,0,1,1,34,1,2,0,0,0,2,0,2,2,1,0,77.2,2753.8,0
1,0,1,1,31,0,1,0,2,0,0,2,0,0,0,0,35.4,1077.5,1
0,0,1,1,69,1,2,1,2,0,2,0,0,0,1,0,84.45,5848.6,0
1,0,0,0,1,1,0,2,1,1,1,1,1,1,0,0,19.65,19.65,0
1,0,0,0,25,1,0,1,0,0,2,2,2,2,2,0,99.3,2513.5,0
0,0,0,1,46,1,2,1,0,0,2,2,0,0,0,1,84.8,3958.85,0
0,0,0,0,15,1,0,2,1,1,1,1,1,1,0,0,19.75,297.3,1
1,0,1,1,38,1,2,0,2,0,2,2,2,2,2,1,85.4,3297.0,0
0,0,0,1,4,1,0,1,0,0,2,2,2,2,0,1,98.1,396.3,1
1,0,0,0,57,1,0,0,2,0,2,0,2,2,2,1,74.35,4317.35,0
0,0,1,0,55,1,2,1,2,0,0,0,2,0,0,1,89.8,4959.6,0
1,0,0,1,55,1,0,2,1,1,1,1,1,1,1,0,19.1,1001.5,0
0,0,0,0,43,1,0,2,1,1,1,1,1,1,2,1,19.65,779.25,0
1,0,1,0,9,0,1,0,0,0,0,0,0,0,1,0,24.1,259.8,1
0,0,1,0,60,1,0,0,2,2,0,2,0,0,2,0,59.85,3483.45,0
0,1,1,1,65,1,2,1,0,0,2,2,2,2,1,1,103.9,6767.1,0
0,0,1,1,62,0,1,0,2,2,0,2,2,0,2,0,48.7,3008.55,0
1,0,0,0,53,1,2,2,1,1,1,1,1,1,1,0,24.05,1301.9,0
1,0,1,0,39,1,0,2,1,1,1,1,1,1,2,1,20.45,790.0,0
0,0,0,0,66,1,0,0,2,2,2,0,0,0,2,1,61.15,4017.45,0
0,0,1,1,41,1,0,2,1,1,1,1,1,1,2,0,19.3,772.4,0
0,0,1,0,26,1,2,1,0,2,0,0,0,0,0,0,79.3,2015.8,0
1,0,1,0,66,1,0,0,2,2,2,2,2,2,2,1,85.9,5595.3,0
0,0,0,0,60,1,2,1,0,0,2,0,0,0,1,1,79.2,4765.0,0
1,0,1,1,17,1,2,0,2,0,2,0,2,0,1,1,70.35,1201.65,0
0,0,1,1,47,1,0,0,0,2,0,2,0,2,2,0,63.8,3007.25,0
1,0,0,0,4,1,0,0,0,2,0,2,2,0,0,1,63.75,226.2,0
0,0,1,1,66,1,2,1,2,2,2,0,2,2,2,0,109.25,7082.5,0
1,0,0,0,25,1,2,1,0,0,0,0,2,2,0,1,94.7,2362.1,1
1,0,1,0,22,1,0,1,0,0,2,0,2,0,0,1,87.0,1850.65,0
1,0,0,0,12,1,0,1,0,0,0,0,0,2,0,1,79.95,1043.4,0
0,1,1,1,72,1,2,0,2,2,2,2,2,2,2,1,90.15,6716.45,0
0,0,0,0,60,1,0,1,2,0,2,2,2,2,0,1,104.95,6236.75,0
0,1,1,1,47,1,0,1,0,0,0,0,0,0,0,0,70.55,3309.25,1
0,0,1,0,37,1,0,2,1,1,1,1,1,1,1,1,19.85,717.5,0
1,0,0,0,43,1,2,2,1,1,1,1,1,1,2,0,26.45,1110.05,0
1,0,0,0,71,0,1,0,2,2,2,2,2,0,2,0,53.95,3888.65,0
0,0,0,0,1,1,0,1,0,0,2,0,0,0,0,0,73.5,73.5,1
1,0,0,0,32,1,0,0,0,0,0,0,2,2,1,1,64.85,2010.95,0
0,0,1,1,72,0,1,0,2,2,2,2,2,2,2,1,63.8,4684.3,0
1,0,1,1,68,1,0,2,1,1,1,1,1,1,2,1,19.95,1303.25,0
1,0,1,1,68,1,0,1,2,2,0,2,0,2,2,0,95.1,6683.4,0
0,1,0,1,33,1,2,1,0,2,2,0,2,2,0,1,105.35,3465.05,0
1,0,1,1,68,1,2,2,1,1,1,1,1,1,2,1,24.0,1664.3,0
0,0,1,1,12,1,0,2,1,1,1,1,1,1,0,0,19.4,198.1,0
1,0,1,0,71,1,0,0,2,2,2,2,2,2,2,1,86.1,6045.9,0
1,0,1,0,53,1,2,1,0,2,0,2,0,2,1,0,97.75,5043.2,0
1,0,0,0,12,0,1,0,2,2,0,2,2,0,0,1,50.95,605.75,0
0,0,1,1,20,1,2,1,0,2,2,0,2,2,0,1,105.85,2239.65,1
1,0,0,0,67,1,0,2,1,1,1,1,1,1,2,0,20.5,1430.95,0
0,0,0,0,1,0,1,0,0,0,0,0,0,0,0,0,25.25,25.25,0
0,0,1,0,68,1,2,1,2,2,2,0,2,2,2,1,110.8,7553.6,0
1,0,0,0,67,0,1,0,2,0,2,2,2,0,1,1,49.35,3321.35,0
1,0,0,0,46,0,1,0,0,2,0,0,0,0,0,0,30.3,1380.1,1
0,0,1,0,61,1,2,1,0,0,2,2,2,2,1,1,103.3,6518.35,0
0,0,1,0,32,1,0,1,0,2,0,0,0,2,0,0,84.15,2585.95,1
0,0,1,1,71,1,2,0,2,2,2,2,2,2,2,0,89.9,6342.7,0
1,0,1,1,65,1,2,1,0,0,2,2,2,2,2,1,104.1,6700.05,0
0,0,0,1,67,1,2,1,0,2,0,2,2,2,1,1,106.6,7244.7,0
0,0,0,0,52,0,1,0,2,2,2,0,2,2,2,1,58.75,3038.55,0
1,0,1,0,71,1,2,1,0,2,2,0,2,2,1,1,105.7,7472.15,0
0,0,0,0,4,1,0,0,0,2,0,0,2,2,0,1,68.65,261.25,1
1,0,0,0,3,1,2,1,0,2,2,0,2,2,0,1,105.35,323.25,1
1,0,0,0,17,1,2,1,0,0,2,2,0,2,0,1,95.65,1640.0,0
0,0,1,0,4,1,0,2,1,1,1,1,1,1,1,0,20.5,79.05,0
0,0,0,0,58,1,2,1,2,0,0,0,0,0,0,1,79.8,4526.85,0
1,0,0,0,26,1,0,0,0,0,0,2,0,0,0,0,49.15,1237.3,0
0,0,1,0,72,1,2,1,2,2,2,2,2,2,2,1,113.65,8182.75,0
1,0,0,0,56,1,2,2,1,1,1,1,1,1,2,1,25.95,1444.05,0
1,0,1,0,72,1,2,1,2,2,0,2,0,2,2,1,100.55,7325.1,0
1,0,0,0,5,1,0,0,0,0,2,2,2,2,0,0,75.15,392.65,0
1,1,1,1,68,1,0,2,1,1,1,1,1,1,1,0,19.5,1193.55,0
1,0,1,1,68,1,0,0,2,2,0,2,2,2,2,0,82.85,5776.45,0
1,0,1,0,70,1,2,1,0,2,2,0,2,0,1,1,95.0,6602.9,0
1,0,1,0,24,1,0,0,2,0,0,2,2,2,1,0,74.4,1712.9,0
0,1,1,0,72,1,2,0,2,2,2,2,0,2,2,0,78.45,5682.25,0
1,0,1,0,70,0,1,0,0,2,2,2,0,2,1,1,51.05,3635.15,0
0,0,1,1,36,1,0,2,1,1,1,1,1,1,0,0,19.2,702.9,0
0,0,1,1,41,1,2,1,0,2,2,2,2,2,1,1,109.1,4454.25,0
1,0,0,0,2,0,1,0,0,0,0,2,0,0,0,0,29.85,75.6,1
0,0,0,0,4,1,0,1,0,2,0,0,0,0,0,1,76.65,333.6,1
0,0,0,0,26,1,0,1,2,0,2,2,0,2,1,1,95.85,2475.35,0
0,0,1,1,69,0,1,0,2,2,2,2,0,0,2,0,46.25,3121.4,0
1,0,1,0,14,1,0,0,0,0,0,2,0,0,0,0,48.8,664.4,0
1,1,1,0,17,1,0,1,0,0,0,0,0,2,0,0,81.5,1329.2,1
1,0,1,1,66,0,1,0,0,0,2,2,2,2,2,0,54.65,3632.0,0
1,0,0,0,58,1,0,2,1,1,1,1,1,1,2,1,19.15,1035.5,0
0,0,1,1,22,1,0,0,0,2,0,0,2,2,1,1,69.5,1498.2,1
1,0,1,0,40,1,2,1,0,2,2,0,2,2,1,1,106.0,4178.65,0
0,0,0,0,68,1,2,2,1,1,1,1,1,1,2,0,25.5,1821.8,0
0,0,1,0,72,1,2,0,2,2,2,2,2,2,2,0,88.05,6520.8,0
1,0,0,1,40,1,0,2,1,1,1,1,1,1,1,1,20.4,854.9,0
0,0,1,1,72,1,2,1,2,2,2,2,2,2,2,1,117.6,8308.9,0
1,1,0,0,51,1,2,1,0,2,0,0,0,0,1,1,79.6,3974.7,0
1,0,0,0,2,1,0,0,0,0,0,0,0,0,0,0,44.9,111.05,0
0,0,1,0,54,1,2,1,2,2,0,0,2,2,1,0,106.55,5763.3,1
0,0,0,0,72,1,2,1,0,2,2,2,2,2,2,1,111.6,8012.75,0
0,1,0,0,37,1,2,1,2,2,0,0,2,2,0,1,106.75,4056.75,1
1,0,1,1,61,1,0,0,2,2,2,2,2,2,1,0,84.9,5264.5,0
0,0,1,1,52,1,0,1,0,2,2,2,0,0,0,0,85.8,4433.3,0
0,0,1,1,72,1,0,2,1,1,1,1,1,1,2,0,20.1,1460.85,0
0,0,1,1,65,1,2,0,0,2,0,2,2,2,2,1,79.4,5071.9,0
1,0,1,0,60,1,2,1,0,2,2,0,2,2,1,0,102.5,6157.6,0
0,0,0,1,41,1,2,1,0,2,0,0,2,0,0,1,88.5,3645.05,0
0,0,1,1,72,1,2,0,2,2,2,2,2,0,2,0,80.2,5714.2,0
0,0,0,0,4,1,2,1,0,2,0,0,0,0,0,0,77.95,305.55,1
1,1,1,0,66,1,2,1,0,2,2,2,2,2,1,1,107.35,7051.95,0
0,0,1,0,26,0,1,0,2,2,2,0,2,0,1,0,47.85,1190.5,0
1,0,0,1,12,1,0,2,1,1,1,1,1,1,2,0,19.35,212.3,0
0,0,0,0,16,1,0,2,1,1,1,1,1,1,1,0,20.1,318.6,0
0,0,0,0,54,0,1,0,2,0,0,2,0,2,1,0,44.1,2369.7,0
1,0,1,0,57,0,1,0,0,2,2,2,2,2,2,1,57.5,3265.95,0
0,0,1,1,53,0,1,0,2,2,2,0,0,2,0,1,48.7,2495.2,0
1,1,0,0,57,1,2,1,0,2,0,2,2,2,0,1,104.9,5913.95,0
0,0,1,1,71,1,0,2,1,1,1,1,1,1,2,0,19.9,1389.35,0
0,0,0,0,41,1,0,0,2,0,2,2,2,2,1,1,79.85,3320.75,0
1,0,1,0,62,1,2,1,0,0,2,2,2,2,2,1,107.6,6912.7,0
1,0,0,0,62,1,2,1,2,2,2,0,0,0,0,0,90.7,5586.45,0
1,0,0,0,18,1,2,1,0,0,0,0,2,0,0,0,84.3,1537.9,0
0,0,0,0,56,1,0,2,1,1,1,1,1,1,2,1,19.55,1080.55,0
0,0,1,1,64,1,2,1,2,0,0,2,0,0,0,1,86.8,5327.25,0
0,1,1,0,67,1,0,2,1,1,1,1,1,1,2,1,20.05,1263.05,0
0,0,1,1,8,1,0,0,0,2,0,2,0,0,0,0,56.3,401.5,0
0,0,0,0,26,1,2,0,2,2,0,0,2,0,0,1,69.5,1800.05,0
0,0,1,0,72,1,2,1,2,2,2,2,0,0,2,1,97.0,7104.2,0
0,0,0,0,70,0,1,0,2,0,2,2,2,2,2,1,58.35,4214.25,0
0,0,1,1,28,1,0,1,0,0,0,0,0,0,1,1,70.4,1992.2,0
1,1,1,0,51,1,2,1,2,0,2,0,2,0,0,1,93.8,4750.95,1
0,0,1,1,53,1,0,2,1,1,1,1,1,1,1,0,19.55,1007.9,0
1,0,0,0,25,1,0,2,1,1,1,1,1,1,1,1,19.5,516.3,0
1,1,1,0,72,1,2,1,0,2,2,0,2,2,2,1,104.15,7689.95,1
1,1,1,0,65,1,0,1,0,0,0,0,0,0,1,1,70.95,4555.2,0
0,0,0,0,26,1,0,1,0,0,0,0,2,2,0,1,88.8,2274.35,1
0,0,1,0,31,1,0,1,0,2,0,0,0,2,0,1,83.85,2674.15,0
1,0,1,0,42,1,2,1,0,0,2,2,2,2,0,1,106.15,4512.7,1
1,0,0,0,19,1,0,0,0,0,0,0,0,0,0,1,45.0,865.85,0
1,0,0,0,47,1,2,1,2,2,0,0,2,0,1,0,94.8,4535.85,0
0,0,1,1,52,1,0,2,1,1,1,1,1,1,2,0,20.1,1078.75,0
1,0,0,0,2,1,0,0,0,0,0,0,0,0,0,1,46.6,87.9,0
0,0,1,1,9,1,2,1,0,0,0,0,2,0,0,1,85.35,754.65,1
1,0,0,0,25,1,0,1,2,0,0,0,0,0,0,0,74.3,1952.25,0
1,0,1,1,68,1,0,2,1,1,1,1,1,1,2,0,19.95,1377.7,0
0,0,0,0,70,1,2,1,2,2,2,2,2,2,2,1,113.65,7939.25,0
1,1,0,0,51,1,2,2,1,1,1,1,1,1,1,0,25.0,1260.7,0
1,0,1,1,11,1,0,2,1,1,1,1,1,1,0,0,20.95,267.35,0
1,0,1,0,70,1,0,1,2,2,2,2,2,2,1,1,109.5,7534.65,1
1,0,1,0,1,1,2,1,0,0,0,0,0,0,0,1,74.6,74.6,1
0,0,0,1,46,1,0,1,2,2,0,2,2,2,1,1,105.2,4822.85,1
0,0,1,1,72,1,0,1,2,2,2,2,2,2,2,1,108.65,7726.35,0
0,0,1,0,49,0,1,0,2,0,0,0,2,0,0,0,40.65,2070.75,0
1,0,1,0,72,1,2,1,2,2,2,2,0,2,2,0,105.6,7581.5,0
1,0,1,1,61,1,0,0,2,2,2,2,0,0,2,1,68.05,4158.25,0
1,0,0,0,68,1,2,1,2,2,2,0,0,2,2,1,102.1,7149.35,0
1,0,0,0,62,1,2,2,1,1,1,1,1,1,2,0,23.4,1429.65,0
0,1,0,0,33,0,1,0,2,2,2,0,2,2,0,1,59.45,1884.65,0
1,0,1,1,28,1,2,1,0,0,0,0,2,2,1,0,92.2,2568.15,0
0,0,0,0,21,1,0,1,0,2,0,2,2,2,0,1,99.15,1956.4,0
0,0,1,1,28,1,0,2,1,1,1,1,1,1,0,1,19.55,543.8,0
0,0,1,1,72,1,2,2,1,1,1,1,1,1,1,1,23.3,1623.15,0
1,0,1,1,31,1,2,0,0,0,0,0,0,2,0,0,59.7,1825.5,0
0,0,1,0,50,1,0,2,1,1,1,1,1,1,1,1,19.85,943.1,0
0,1,0,0,2,1,0,1,0,0,0,0,0,0,0,1,70.2,115.95,1
0,0,0,0,38,1,2,0,2,2,2,0,0,0,0,1,66.15,2522.4,0
0,0,0,0,12,1,2,1,0,0,2,0,2,2,0,1,100.15,1164.3,1
1,1,0,0,55,0,1,0,0,0,2,0,2,2,1,1,50.05,2743.45,0
1,0,1,0,69,0,1,0,2,0,2,2,2,2,2,0,60.25,4055.5,0
0,0,1,1,72,1,0,0,2,2,2,2,2,2,2,0,85.3,6129.2,0
1,1,1,0,37,1,0,1,0,0,0,0,0,0,0,1,72.25,2575.45,0
1,0,0,1,23,1,0,0,0,2,0,2,0,0,0,1,55.3,1284.2,0
0,0,0,0,4,1,0,2,1,1,1,1,1,1,0,0,20.95,85.5,1
1,1,0,0,72,1,2,1,2,2,2,2,2,2,2,0,113.8,7845.8,0
0,0,0,0,49,1,0,0,0,0,2,2,2,2,2,1,74.45,3721.9,0
1,0,1,0,38,0,1,0,2,2,0,2,2,2,2,1,60.0,2193.2,0
0,0,1,0,32,1,0,2,1,1,1,1,1,1,0,0,19.4,641.15,0
0,0,1,1,37,1,2,2,1,1,1,1,1,1,2,1,24.1,861.85,0
0,0,1,1,50,1,2,1,0,0,0,0,2,0,0,1,84.4,4116.15,1
1,0,1,0,22,1,0,0,2,0,0,0,2,0,1,1,59.75,1374.35,0
0,0,1,1,33,1,2,2,1,1,1,1,1,1,0,0,24.25,838.5,0
1,0,1,0,71,1,0,0,2,0,0,2,0,0,2,0,54.5,3778.2,0
1,0,1,0,50,0,1,0,2,0,0,2,2,0,1,1,44.45,2188.45,0
1,0,1,1,19,1,0,1,0,2,0,2,2,2,1,0,100.0,1888.65,1
0,0,0,0,41,1,2,1,0,0,2,0,2,2,0,0,98.05,3990.6,0
0,0,1,0,40,1,2,0,0,2,0,0,2,0,1,0,63.9,2635.0,0
0,0,1,1,3,1,2,0,0,2,2,0,2,0,0,1,69.15,235.0,0
0,0,0,0,37,1,2,0,2,0,0,0,2,0,1,0,64.65,2347.85,0
0,0,1,0,30,1,0,0,0,2,2,2,0,2,1,0,70.25,2198.9,0
1,0,1,1,69,1,0,2,1,1,1,1,1,1,2,0,19.9,1356.7,0
0,0,1,1,55,1,2,0,2,2,0,2,0,2,1,1,75.75,4264.25,0
1,0,1,1,69,1,0,0,2,2,2,0,0,0,2,1,59.75,4069.9,0
1,0,0,0,29,1,0,0,0,0,2,0,0,0,0,0,48.95,1323.7,0
1,0,0,1,23,0,1,0,2,2,0,2,0,0,1,0,40.65,947.4,0
1,0,1,1,62,1,2,2,1,1,1,1,1,1,1,0,24.8,1476.25,0
1,0,0,0,67,1,2,0,2,2,2,2,2,2,1,1,88.8,5903.15,0
0,0,1,1,23,1,2,0,2,0,2,2,2,0,2,1,77.15,1759.4,0
0,0,0,1,25,0,1,0,2,0,0,2,0,0,2,0,35.05,844.45,0
0,1,0,0,72,1,2,1,0,2,2,2,2,2,2,1,108.1,7774.05,0
0,0,0,0,8,1,0,2,1,1,1,1,1,1,1,1,20.2,140.95,0
1,0,0,0,26,1,0,1,0,2,0,0,0,0,1,0,75.5,2018.1,0
1,0,1,0,60,1,2,1,2,0,2,2,2,2,0,1,109.45,6572.85,0
0,0,0,0,1,1,0,0,2,0,0,0,0,0,0,0,49.55,49.55,0
0,0,1,0,57,1,0,2,1,1,1,1,1,1,2,0,19.9,1115.6,0
0,0,1,1,47,1,0,2,1,1,1,1,1,1,2,0,19.3,890.5,0
1,0,0,0,3,1,2,0,0,0,0,0,0,0,0,0,50.4,137.25,0
1,0,1,1,27,1,2,1,0,0,0,0,0,0,0,1,75.75,1929.0,0
1,0,1,0,54,1,0,1,2,2,2,2,2,2,2,0,109.75,6110.2,1
1,0,0,0,17,1,0,2,1,1,1,1,1,1,1,1,19.65,351.55,0
1,1,1,1,50,1,2,0,2,2,2,0,0,2,2,1,75.15,3822.45,0
1,0,0,0,46,0,1,0,2,0,0,0,0,0,1,1,30.75,1489.3,0
1,0,1,0,72,1,2,0,2,2,2,2,0,2,2,0,78.85,5763.15,0
0,0,1,0,65,1,0,2,1,1,1,1,1,1,2,0,19.35,1319.95,0
1,0,0,0,12,1,2,0,0,0,2,0,2,2,0,0,74.75,827.05,0
0,0,1,1,57,1,0,0,2,0,0,0,2,2,1,1,70.1,3913.3,1
0,0,1,0,64,1,2,0,0,0,2,2,0,0,1,0,58.35,3756.45,0
0,0,0,0,26,1,2,1,0,0,2,0,2,2,0,1,100.5,2599.95,0
0,0,1,0,58,1,2,1,2,2,2,0,2,2,2,1,109.45,6144.55,1
1,0,0,0,1,1,0,2,1,1,1,1,1,1,0,1,19.65,19.65,0
1,0,0,0,46,1,2,1,0,0,0,0,0,0,0,0,72.8,3249.4,0
0,0,1,0,50,1,2,1,2,2,0,2,2,2,0,1,109.65,5405.8,0
1,0,0,0,5,1,0,2,1,1,1,1,1,1,0,0,20.65,93.55,0
1,0,0,0,47,1,0,0,2,2,2,2,2,2,1,1,86.95,4138.9,0
0,0,0,0,54,1,2,1,0,2,2,0,2,0,1,1,94.75,5121.75,0
0,0,1,1,21,1,0,1,0,2,0,0,0,0,0,1,74.05,1565.7,1
1,0,0,0,3,1,2,1,0,0,2,0,2,2,0,1,101.55,298.35,1
0,0,1,1,51,0,1,0,2,0,0,2,0,0,2,0,34.2,1782.0,0
1,0,1,1,71,1,2,1,2,2,2,2,2,2,2,1,116.05,8297.5,0
1,0,1,0,71,1,2,0,2,2,0,2,0,0,2,0,65.15,4681.75,0
0,1,1,0,72,1,2,1,2,2,0,0,2,2,1,1,106.85,7677.4,0
1,0,1,1,56,1,2,2,1,1,1,1,1,1,2,0,24.15,1402.25,0
1,0,1,0,67,1,2,1,0,2,2,2,2,2,2,1,111.3,7567.2,0
0,1,1,0,60,1,2,1,2,2,2,2,2,2,2,1,116.05,6925.9,0
0,0,0,0,6,1,2,1,0,0,0,0,2,2,0,1,93.55,536.4,1
1,0,1,1,50,1,0,0,0,0,0,0,0,0,1,1,44.8,2230.85,0
1,0,0,0,9,1,0,0,2,0,2,2,0,2,0,1,68.25,576.95,0
1,0,0,0,19,0,1,0,0,0,0,0,0,0,0,1,25.15,468.35,0
1,0,1,1,7,1,0,2,1,1,1,1,1,1,0,1,20.25,174.7,0
0,0,1,1,56,1,0,1,0,0,0,0,2,2,1,0,88.9,4968.0,0
1,0,1,0,16,1,2,1,0,0,0,0,0,0,0,1,73.85,1284.2,1
1,0,0,0,59,1,0,0,0,0,2,0,0,2,1,1,61.35,3645.5,0
0,0,1,0,72,1,0,2,1,1,1,1,1,1,2,0,20.05,1423.65,0
1,0,0,0,45,1,0,0,2,0,0,0,0,0,0,1,50.9,2298.55,0
0,0,1,1,72,1,2,2,1,1,1,1,1,1,2,0,25.1,1857.85,0
1,1,1,0,16,1,0,0,2,2,0,0,0,0,0,1,54.55,825.1,0
1,0,0,1,28,1,0,1,2,0,0,0,0,0,0,1,74.9,2068.55,1
1,0,1,1,45,1,2,1,0,2,2,2,2,2,2,1,109.75,4900.65,0
1,0,1,1,72,1,2,0,2,2,2,2,2,0,2,1,80.85,5727.45,0
1,0,1,0,72,1,2,0,2,2,2,2,0,0,2,1,67.8,4804.65,0
1,0,1,0,55,1,2,2,1,1,1,1,1,1,2,0,25.7,1443.65,0
1,0,0,0,63,1,0,0,2,2,2,2,2,2,2,1,86.7,5309.5,0
1,0,0,0,42,1,0,2,1,1,1,1,1,1,1,0,19.8,849.9,0
0,0,0,0,7,0,1,0,0,0,0,0,0,0,0,0,25.05,189.95,0
1,0,0,0,4,1,0,1,0,0,2,0,0,0,0,1,74.8,321.9,1
0,0,0,0,56,0,1,0,2,2,2,2,0,0,2,0,45.05,2560.1,0
0,0,1,0,72,1,2,1,0,2,2,2,2,2,2,1,110.45,7982.5,0
1,0,1,1,8,1,0,0,0,0,0,0,0,0,0,0,44.65,369.15,0
1,0,1,1,52,1,2,1,0,2,0,2,0,2,0,1,93.25,4631.7,0
1,0,0,0,46,0,1,0,2,0,2,2,2,2,2,1,60.75,2893.4,0
0,0,1,0,70,1,2,0,0,2,2,2,2,2,2,1,84.8,5917.55,0
1,1,0,0,11,1,2,0,2,2,0,0,0,0,0,0,60.25,662.95,0
1,0,0,0,54,0,1,0,2,2,0,0,0,2,2,0,46.2,2431.95,0
0,0,0,0,14,1,0,0,2,0,0,0,0,0,0,0,50.1,709.5,0
1,0,0,0,56,1,2,0,2,2,0,2,0,0,1,1,64.65,3665.55,0
0,0,1,0,68,1,0,0,2,2,0,2,2,2,2,1,79.6,5515.8,0
1,0,0,0,53,0,1,0,2,2,0,0,0,2,0,1,46.3,2546.85,0
1,0,1,1,22,1,0,0,2,0,2,2,2,0,1,1,67.5,1544.05,1
0,0,0,0,20,1,0,1,2,0,2,0,2,0,0,1,89.4,1871.15,0
0,0,0,0,6,0,1,0,2,0,0,0,0,0,0,0,29.45,161.45,0
1,0,0,0,6,1,0,0,2,0,0,0,0,2,0,1,59.15,336.7,0
1,0,1,0,8,1,0,0,0,2,0,0,0,0,0,1,49.55,393.45,0
1,0,1,1,33,1,0,2,1,1,1,1,1,1,1,1,19.45,600.25,0
0,0,0,0,22,1,0,0,0,2,2,0,2,0,1,0,65.25,1441.8,0
0,0,0,0,59,1,2,1,2,2,2,0,0,2,0,1,99.45,5623.7,0
1,0,1,0,53,1,2,0,2,0,2,2,2,0,1,0,77.4,4155.95,0
0,0,1,1,20,1,0,2,1,1,1,1,1,1,1,0,19.7,395.6,0
1,0,1,1,26,1,0,1,0,0,0,0,0,2,1,0,78.95,2034.25,0
1,0,1,0,47,1,0,2,1,1,1,1,1,1,1,0,19.9,942.95,0
0,0,0,0,63,1,2,1,0,2,0,0,2,2,1,0,99.9,6137.0,1
0,0,0,0,13,1,0,0,2,2,0,2,0,2,0,0,67.8,842.25,0
1,1,1,0,71,1,2,2,1,1,1,1,1,1,2,0,24.85,1901.0,0
1,0,1,0,65,1,2,0,2,0,2,2,0,2,2,0,76.15,4929.55,0
1,0,0,0,26,1,0,0,2,0,0,2,2,2,1,0,75.0,1908.35,0
0,0,1,1,72,0,1,0,2,2,2,2,2,2,2,0,65.7,4575.35,0
1,0,0,0,6,1,2,1,0,0,0,2,0,2,0,1,87.95,522.35,0
0,0,1,0,50,1,2,0,0,0,2,0,2,2,1,0,75.7,3876.2,0
1,0,1,0,72,1,2,1,2,2,2,2,2,2,2,0,115.15,8349.45,0
1,0,1,1,18,1,0,2,1,1,1,1,1,1,1,0,19.8,342.3,0
1,1,1,0,5,1,2,1,0,0,2,0,0,0,0,1,79.9,343.95,1
0,0,1,1,36,1,0,2,1,1,1,1,1,1,2,0,20.25,717.95,0
1,0,0,0,23,1,0,2,1,1,1,1,1,1,1,0,20.15,405.6,0
0,0,1,1,72,1,0,2,1,1,1,1,1,1,2,0,19.55,1463.45,0
1,0,1,0,10,1,0,2,1,1,1,1,1,1,1,0,19.6,189.45,0
1,0,1,1,44,1,0,0,0,2,0,2,0,0,0,1,54.9,2549.1,0
0,0,0,0,6,1,0,0,0,0,0,2,0,0,0,1,50.8,288.05,1
1,0,0,0,72,1,2,0,2,2,2,2,2,2,2,0,92.0,6632.75,0
1,0,0,0,7,1,2,2,1,1,1,1,1,1,0,1,25.05,152.95,0
1,0,1,1,69,1,0,0,2,2,0,2,2,2,2,0,80.65,5542.55,0
1,0,0,0,71,1,2,0,2,2,2,2,0,2,2,0,80.6,5708.2,0
0,0,1,0,33,0,1,0,2,0,2,2,2,2,2,0,59.55,2016.3,0
0,0,1,0,70,1,2,2,1,1,1,1,1,1,2,1,26.0,2006.95,0
1,1,0,0,2,1,0,0,2,0,2,0,2,0,0,0,66.4,94.55,1
0,0,1,0,72,1,2,0,2,2,2,2,2,2,2,1,91.15,6637.9,0
1,0,0,0,45,1,0,2,1,1,1,1,1,1,1,0,18.85,867.3,0
1,0,1,1,25,1,2,2,1,1,1,1,1,1,0,1,25.4,546.85,0
1,0,1,1,64,1,0,2,1,1,1,1,1,1,2,1,19.7,1274.05,0
0,0,1,1,52,1,2,1,0,0,2,0,2,2,1,0,101.25,5301.1,0
0,0,1,1,64,1,2,1,2,2,0,2,2,2,2,0,110.3,6997.3,0
1,1,1,0,67,1,0,0,2,2,0,2,0,0,1,1,60.95,4119.4,0
0,1,0,0,29,1,2,0,2,2,0,0,0,0,0,1,58.55,1718.95,0
0,0,0,0,24,1,2,2,1,1,1,1,1,1,1,0,24.6,605.25,0
1,0,0,0,72,0,1,0,2,2,2,2,2,2,2,1,65.6,4566.5,0
1,0,0,0,56,1,0,0,0,2,0,2,2,2,1,1,75.75,4284.65,0
0,1,0,0,14,1,2,1,0,0,2,0,0,0,0,1,80.35,1058.1,0
1,0,0,0,71,1,2,2,1,1,1,1,1,1,2,0,25.55,1898.1,0
0,0,1,1,54,1,2,0,2,0,0,2,0,0,2,0,60.0,3273.95,0
0,1,0,0,72,1,2,1,2,2,0,2,2,2,2,1,110.1,7746.7,0
1,0,0,1,5,1,0,0,0,0,0,2,0,0,0,1,48.65,235.2,0
0,1,0,0,52,1,2,0,2,0,2,0,0,0,2,0,59.85,3103.25,0
1,0,0,0,59,1,0,2,1,1,1,1,1,1,2,1,20.2,1192.3,0
0,0,1,0,56,1,2,1,0,0,0,0,2,0,0,1,85.6,4902.8,0
1,0,1,1,13,1,2,2,1,1,1,1,1,1,1,0,24.5,343.6,0
1,0,1,1,1,1,0,2,1,1,1,1,1,1,0,1,20.15,20.15,0
1,0,1,1,71,1,0,2,1,1,1,1,1,1,2,1,19.6,1387.45,0
1,0,0,0,66,1,2,1,2,2,2,2,2,2,1,1,114.3,7383.7,0
0,0,1,0,67,1,0,2,1,1,1,1,1,1,1,1,20.85,1327.4,0
0,0,1,0,68,1,2,1,0,0,2,0,2,0,2,1,89.95,5974.3,0
0,0,1,0,2,1,0,1,0,2,2,0,0,0,0,0,79.7,165.0,1
1,0,1,1,55,1,0,0,2,2,0,2,0,0,2,0,57.55,3046.4,1
1,0,0,0,30,1,2,1,2,0,0,0,2,2,0,1,100.4,2936.25,0
0,0,0,0,9,1,0,0,0,0,0,2,2,0,0,1,59.5,530.05,0
0,0,1,0,72,1,2,1,2,2,2,2,2,0,2,1,103.95,7556.9,0
0,0,0,0,66,1,2,1,2,2,2,2,0,2,0,1,103.1,6595.0,0
0,0,1,1,32,1,2,0,0,2,2,0,0,0,0,0,62.45,2045.55,0
0,0,1,1,72,1,2,0,2,0,2,0,2,0,2,1,71.45,5025.85,0
0,0,1,0,16,1,0,1,0,2,0,0,2,2,0,1,94.65,1461.15,0
0,0,1,0,57,0,1,0,2,0,2,2,0,2,0,1,49.9,2782.4,0
1,0,0,0,66,1,2,2,1,1,1,1,1,1,1,0,25.45,1699.15,0
0,0,1,0,17,1,2,0,0,2,0,0,2,2,0,1,75.4,1322.55,0
1,0,0,0,30,1,0,1,0,2,0,0,2,2,1,1,97.0,3021.3,0
0,0,1,1,70,1,2,0,2,2,2,2,2,0,2,0,79.7,5743.3,0
0,0,1,1,32,1,0,0,2,2,0,2,0,0,0,0,61.4,1864.65,0
1,0,1,0,17,1,2,1,0,2,0,0,0,0,0,1,80.5,1336.9,0
1,1,0,0,45,1,2,1,0,0,0,0,2,2,0,1,93.9,4200.25,0
1,0,1,1,22,1,0,1,2,0,0,0,0,0,0,0,75.0,1573.95,0
1,0,0,0,12,1,0,1,2,0,2,0,0,0,0,0,81.7,858.6,1
1,0,0,0,7,1,0,0,0,0,0,0,0,0,0,1,44.65,322.5,0
1,1,1,0,41,1,2,1,2,0,2,0,0,0,0,1,83.75,3273.55,1
0,1,1,0,26,1,2,1,0,0,2,0,2,2,0,1,98.1,2510.7,0
1,0,1,1,19,1,0,0,2,0,0,0,0,0,1,1,48.95,955.6,0
1,0,1,0,42,0,1,0,2,0,0,0,2,0,0,1,40.15,1626.05,0
1,0,1,0,66,1,2,0,2,2,2,2,2,2,2,0,91.7,6075.9,0
0,0,1,1,64,1,2,0,0,2,0,0,0,0,1,1,53.85,3399.85,0
0,1,1,0,54,1,2,1,2,2,2,2,2,2,1,1,115.6,6431.05,0
1,0,1,1,54,1,2,2,1,1,1,1,1,1,2,1,24.05,1230.9,0
0,0,0,0,8,1,0,0,2,0,0,2,0,2,0,0,66.05,574.5,0
0,1,0,0,70,1,2,0,0,2,2,2,2,0,2,1,75.5,5212.65,0
0,0,0,0,15,1,0,1,0,2,0,0,2,0,0,1,83.2,1130.0,0
1,0,1,1,72,1,2,0,2,2,2,2,2,2,2,1,87.55,6463.15,0
0,0,1,0,57,1,2,1,0,2,2,2,2,2,1,1,109.4,6252.7,0
1,0,1,1,1,1,0,2,1,1,1,1,1,1,0,0,19.95,19.95,1
1,0,1,1,9,1,2,1,0,0,2,0,0,0,0,1,79.35,661.25,1
0,0,1,0,71,1,2,1,0,2,2,0,2,2,2,1,105.15,7555.0,0
1,0,0,0,1,1,0,2,1,1,1,1,1,1,0,0,20.95,20.95,0
1,0,1,1,41,1,0,2,1,1,1,1,1,1,1,0,19.5,798.2,0
0,0,0,0,1,1,0,0,0,0,0,0,0,0,0,0,44.15,44.15,0
0,0,1,1,72,1,2,2,1,1,1,1,1,1,2,1,26.25,1988.05,0
1,0,1,0,72,1,2,1,2,2,2,2,2,2,2,1,115.8,8424.9,0
1,0,0,0,20,1,0,1,2,2,2,2,2,2,0,1,108.2,2203.7,0
1,0,0,0,6,1,0,2,1,1,1,1,1,1,0,0,20.15,130.5,0
0,0,1,1,71,1,2,1,2,2,2,2,2,2,2,0,114.6,8100.25,0
0,0,0,0,10,1,2,1,0,2,0,0,0,0,0,1,80.05,830.7,1
0,0,1,0,71,0,1,0,2,2,2,2,2,2,1,0,66.8,4689.15,0
0,0,1,0,20,1,0,1,0,0,0,0,0,0,0,1,69.8,1540.35,0
0,0,1,1,72,1,2,1,2,2,2,2,2,2,2,1,118.75,8672.45,0
0,0,0,0,11,1,0,2,1,1,1,1,1,1,0,0,20.3,246.3,0
0,0,1,1,68,1,2,0,0,2,2,2,2,2,2,0,85.3,5560.0,0
0,0,1,1,52,1,0,0,0,0,2,0,0,0,1,1,50.95,2610.65,0
1,0,0,0,45,1,2,1,0,0,2,2,2,2,0,1,103.65,4747.85,0
1,1,0,0,65,1,0,1,0,2,2,0,2,2,0,1,99.1,6496.15,0
1,0,0,0,55,1,2,0,0,0,2,0,2,2,2,1,77.8,4323.35,0
1,0,1,0,72,1,2,1,2,2,2,2,2,2,1,1,117.8,8684.8,1
0,0,1,0,72,1,2,0,2,2,0,2,0,0,2,0,64.75,4804.75,0
1,0,1,0,21,1,0,0,0,0,0,0,2,0,0,0,54.6,1125.2,0
0,0,0,0,2,1,0,2,1,1,1,1,1,1,0,1,20.7,39.85,0
1,0,1,0,3,1,2,1,0,0,0,2,0,0,0,1,79.65,251.75,1
1,1,1,0,69,1,2,1,0,2,2,0,0,2,0,1,95.35,6382.0,0
0,1,0,0,8,1,0,1,0,0,2,0,0,0,0,1,74.05,600.15,0
0,1,0,0,63,1,2,1,0,0,2,0,0,2,0,1,89.6,5538.8,0
0,0,1,0,12,1,0,0,2,0,0,2,0,0,0,0,54.2,690.5,0
0,0,1,1,72,1,2,2,1,1,1,1,1,1,2,1,24.05,1709.15,0
0,0,0,0,2,1,0,2,1,1,1,1,1,1,0,0,18.75,53.15,0
0,0,1,1,40,1,0,2,1,1,1,1,1,1,2,0,20.15,777.35,0
1,0,1,1,44,1,0,2,1,1,1,1,1,1,1,0,20.0,860.85,0
1,1,1,0,71,1,0,0,2,2,0,2,2,0,1,1,71.0,5012.1,0
1,0,1,1,65,1,0,0,2,0,0,2,2,2,2,1,74.8,4820.15,1
0,0,1,1,22,1,2,1,0,0,0,0,0,0,0,1,75.8,1615.1,0
0,0,1,1,70,1,2,0,2,2,2,2,2,2,2,1,89.0,6293.2,0
0,0,1,1,67,0,1,0,2,2,0,0,0,0,2,0,36.15,2434.45,0
0,0,1,0,20,1,0,2,1,1,1,1,1,1,0,0,19.25,375.25,0
0,0,1,1,46,0,1,0,2,2,0,0,0,0,0,0,35.05,1620.25,0
0,0,0,1,2,1,2,1,0,0,0,0,2,2,0,1,94.2,193.8,1
0,0,1,0,72,1,2,0,2,2,0,2,2,2,2,1,86.4,6058.95,0
1,0,0,0,69,1,0,1,0,2,2,2,2,2,1,1,104.05,7262.0,1
0,1,0,0,72,1,2,1,2,2,2,2,0,2,2,1,107.4,7748.75,0
0,1,1,0,56,1,2,1,0,0,2,0,2,2,0,1,100.65,5688.05,1
0,0,1,1,16,1,0,1,2,0,2,0,2,2,0,0,100.7,1522.7,0
0,1,1,0,66,1,2,0,0,2,2,0,2,2,2,1,80.55,5265.1,1
1,0,1,1,58,1,2,1,0,0,2,2,2,2,1,1,105.05,6004.85,0
0,0,1,0,66,1,2,0,2,2,2,0,0,0,2,0,66.9,4370.25,0
0,0,1,1,50,1,2,0,2,2,2,2,0,2,1,1,80.05,4042.2,0
1,0,1,0,60,1,0,2,1,1,1,1,1,1,2,1,20.5,1198.8,0
1,1,0,0,31,1,2,1,0,0,2,2,2,0,0,1,96.6,2877.95,0
1,0,0,0,44,1,2,0,0,2,2,2,2,2,1,1,85.25,3704.15,0
0,0,1,0,72,1,2,1,2,2,2,2,2,2,2,1,115.5,8312.75,0
0,0,0,0,11,1,2,1,2,0,0,0,0,0,0,1,79.0,929.3,0
1,1,1,0,24,0,1,0,2,0,0,0,0,2,0,0,39.1,971.3,1
1,1,0,0,64,1,0,2,1,1,1,1,1,1,2,1,20.05,1198.05,0
1,0,0,0,35,1,0,2,1,1,1,1,1,1,1,0,20.6,754.0,0
1,0,1,0,68,1,2,2,1,1,1,1,1,1,2,0,25.25,1728.2,0
1,0,0,0,31,1,0,0,2,2,2,2,2,0,0,1,72.45,2156.25,0
0,0,0,0,56,1,0,2,1,1,1,1,1,1,2,0,19.7,1051.9,0
1,0,1,1,72,1,2,2,1,1,1,1,1,1,2,0,25.0,1738.9,0
0,0,1,1,69,1,0,0,0,2,2,2,0,0,1,0,59.1,4134.7,0
1,0,1,0,3,1,0,2,1,1,1,1,1,1,0,0,20.0,49.65,0
0,0,1,0,53,1,0,2,1,1,1,1,1,1,1,0,20.8,1021.8,1
0,1,0,0,36,1,2,1,0,0,0,0,0,0,0,1,74.9,2659.45,0
0,0,1,1,10,1,0,2,1,1,1,1,1,1,0,1,19.8,196.75,0
0,0,1,1,72,1,2,0,2,2,2,2,0,2,2,0,80.85,5824.75,0
0,0,0,0,28,1,0,0,0,2,0,2,0,0,0,0,54.65,1517.5,0
1,0,1,0,38,1,2,1,2,0,0,0,2,0,0,0,91.7,3479.05,0
0,0,1,0,1,1,0,2,1,1,1,1,1,1,0,1,20.3,20.3,0
1,0,0,0,38,1,0,1,0,0,0,0,0,0,1,1,70.45,2597.6,1
1,0,0,1,53,1,0,2,1,1,1,1,1,1,2,0,19.75,1052.35,1
1,0,1,0,56,0,1,0,0,0,2,2,2,2,1,1,54.05,2959.8,0
0,0,0,0,39,0,1,0,0,2,2,2,0,0,0,0,41.1,1597.05,0
0,0,0,0,12,1,0,0,0,0,0,0,0,0,0,1,45.0,524.35,0
1,0,1,0,54,1,0,0,2,2,0,0,2,2,2,1,74.55,4191.45,0
1,0,1,1,67,1,2,2,1,1,1,1,1,1,2,0,24.65,1620.45,0
0,0,0,0,25,1,2,0,2,2,2,2,2,0,0,1,78.35,1837.9,0
1,0,1,1,69,1,0,2,1,1,1,1,1,1,2,0,20.2,1376.5,0
0,0,0,1,37,1,0,2,1,1,1,1,1,1,1,0,20.3,755.4,0
1,0,0,0,7,1,0,1,0,0,0,0,0,0,0,0,69.15,488.65,0
0,1,1,0,48,1,0,0,0,2,0,0,0,2,1,1,58.95,2789.7,0
1,0,1,0,71,1,2,1,0,2,2,2,2,2,1,1,113.15,7953.25,0
0,0,0,0,16,1,2,0,0,0,0,0,0,2,0,1,63.05,1067.05,0
1,0,0,1,48,1,2,0,2,2,2,0,0,0,1,1,64.4,3035.35,0
0,0,1,0,72,1,2,0,2,0,2,2,2,2,2,1,84.9,6065.3,0
1,0,1,0,28,1,0,1,0,0,0,2,0,0,0,0,76.55,2065.4,0
0,0,0,0,66,0,1,0,2,2,2,2,2,2,2,1,62.5,4136.4,0
0,0,1,1,41,1,0,1,0,0,2,0,2,2,0,1,94.9,3848.0,0
1,1,1,0,72,1,2,1,0,2,2,2,2,2,2,1,111.65,8022.85,0
1,0,1,1,47,1,2,1,2,2,2,2,2,2,1,1,113.45,5317.8,0
1,0,1,1,15,0,1,0,2,0,0,0,0,0,0,1,30.2,469.65,0
0,0,0,1,4,1,2,1,0,2,2,0,0,0,0,0,84.05,333.55,1
0,0,1,1,72,1,2,1,2,2,0,0,2,0,2,1,95.9,6954.15,0
0,0,0,0,30,1,0,0,2,2,2,2,2,2,1,0,85.35,2530.4,1
1,0,0,1,14,1,0,0,2,2,2,2,0,2,2,0,76.1,1054.8,0
0,0,1,1,71,1,0,2,1,1,1,1,1,1,2,0,20.1,1389.6,0
0,0,0,0,52,1,0,0,2,0,0,0,0,0,0,1,49.75,2535.55,0
1,1,1,0,63,1,0,0,2,2,2,2,2,2,1,1,84.0,5329.55,0
1,1,0,0,16,1,2,1,0,0,0,0,0,0,0,1,74.45,1261.35,0
1,0,1,0,18,1,0,0,0,0,0,0,0,0,0,1,44.35,768.05,0
0,0,0,0,26,1,2,1,0,0,0,0,0,0,0,1,74.95,1834.95,1
0,0,1,0,2,1,0,2,1,1,1,1,1,1,0,0,19.85,52.0,0
1,0,1,0,72,1,2,1,0,2,2,0,2,2,2,1,103.75,7346.2,0
0,1,1,0,22,1,2,2,1,1,1,1,1,1,1,0,25.6,548.8,0
0,0,0,0,42,1,0,0,2,2,2,0,0,0,0,0,59.65,2536.55,0
0,0,1,1,72,1,2,0,2,0,2,2,2,2,2,1,83.3,6042.7,0
1,0,1,0,71,1,2,2,1,1,1,1,1,1,2,0,24.45,1730.65,0
1,0,1,1,72,0,1,0,2,2,2,2,2,2,2,1,65.65,4664.5,0
0,0,0,0,7,1,2,1,0,0,0,0,0,0,0,1,75.1,552.95,1
1,1,0,0,62,1,2,1,0,2,2,2,2,2,1,1,110.75,7053.35,0
1,0,1,0,66,1,2,1,2,2,2,2,2,2,1,0,115.8,7942.15,0
1,1,0,0,23,0,1,0,0,0,0,0,0,2,0,1,34.65,768.45,0
1,1,1,0,71,0,1,0,0,2,2,0,2,2,0,1,52.3,3765.05,0
0,0,1,0,7,1,0,0,2,0,0,0,0,0,0,1,50.3,355.1,0
0,1,1,1,48,0,1,0,0,2,0,0,0,0,1,0,29.9,1388.75,0
0,0,0,0,1,1,0,2,1,1,1,1,1,1,0,1,20.2,20.2,1
1,1,0,0,33,1,2,2,1,1,1,1,1,1,1,1,24.9,847.8,0
1,0,1,0,44,0,1,0,0,2,2,0,2,2,2,0,54.3,2390.45,0
0,0,1,1,30,1,0,0,2,0,0,2,0,2,0,0,66.3,1923.5,0
0,0,1,0,71,1,0,2,1,1,1,1,1,1,2,1,20.9,1493.2,0
0,0,1,1,67,1,2,1,2,0,2,2,0,2,1,1,100.25,6689.0,0
0,0,1,1,22,1,0,2,1,1,1,1,1,1,1,0,20.75,452.35,0
0,0,1,1,57,1,0,2,1,1,1,1,1,1,2,0,19.75,1272.05,0
1,0,0,0,49,1,2,0,0,0,0,2,2,0,2,1,66.15,3199.0,0
0,0,0,0,55,1,0,0,0,0,0,0,0,0,1,0,45.05,2462.6,0
1,0,1,1,71,1,2,0,2,2,2,2,2,2,2,0,86.85,6263.8,0
1,0,0,0,17,1,2,1,2,2,2,2,2,0,0,1,106.65,1672.1,0
0,0,1,1,28,1,0,1,2,0,0,0,0,2,1,1,82.85,2320.8,0
0,0,1,0,47,1,0,0,0,2,0,0,2,0,0,1,58.6,2723.4,0
0,0,0,0,66,0,1,0,2,0,2,2,2,2,2,1,61.35,4193.4,0
1,0,0,0,67,1,2,1,2,2,2,2,2,2,1,1,118.35,7804.15,1
0,0,0,0,66,1,2,1,2,2,2,2,2,0,1,1,104.55,6779.05,0
0,0,1,0,2,1,0,2,1,1,1,1,1,1,0,0,20.1,43.15,0
0,0,0,0,30,1,0,1,0,0,0,2,2,2,1,1,94.4,2638.1,0
0,0,1,1,16,1,0,0,2,2,0,2,0,2,2,0,68.25,1114.85,0
1,0,0,0,72,1,2,2,1,1,1,1,1,1,2,0,24.75,1777.6,0
1,0,0,1,8,1,0,2,1,1,1,1,1,1,0,0,19.45,159.2,0
0,0,1,0,12,1,0,0,0,0,0,0,0,0,0,0,45.9,505.95,0
0,0,1,0,53,1,2,1,0,2,2,2,2,2,1,1,108.95,5718.2,0
0,0,1,0,68,1,2,1,2,2,0,0,0,0,2,1,84.7,5711.05,0
1,0,0,0,72,1,0,0,2,2,2,2,2,0,2,1,75.1,5336.35,0
0,1,0,0,66,1,2,1,0,2,2,0,2,2,1,0,108.1,7238.6,0
0,0,0,0,37,1,2,1,2,2,2,0,0,0,0,0,91.2,3382.3,0
1,0,0,0,37,1,0,0,2,2,2,2,0,0,2,0,65.6,2313.8,0
0,0,1,1,14,1,0,0,2,2,0,2,0,0,0,0,59.45,780.85,0
0,0,1,1,2,1,0,1,0,2,0,0,0,0,0,1,73.55,145.4,1
0,0,1,0,8,1,0,2,1,1,1,1,1,1,0,0,20.15,156.25,1
0,0,0,0,8,1,2,0,2,2,2,0,0,0,0,1,65.5,573.15,0
1,0,1,0,61,1,2,2,1,1,1,1,1,1,2,0,25.45,1538.6,0
0,1,0,0,45,1,2,1,0,0,2,0,2,2,1,1,100.15,4459.8,0
1,0,1,1,58,1,2,1,0,0,2,2,0,2,2,0,94.35,5563.65,0
0,0,1,0,40,1,2,1,2,0,2,0,2,2,1,0,105.75,4228.55,0
1,0,1,1,52,1,2,1,0,0,2,2,0,2,2,1,96.25,4990.25,1
1,0,0,0,69,1,2,1,0,2,0,2,2,2,1,1,104.7,7220.35,1
0,0,0,0,59,1,2,0,2,0,0,2,0,2,1,0,68.7,4070.95,0
0,0,0,0,66,1,2,1,0,2,0,0,2,0,1,1,88.9,6000.1,0
1,0,1,1,69,1,2,0,2,0,2,2,2,2,2,0,86.9,6194.1,0
0,0,1,1,69,1,0,2,1,1,1,1,1,1,2,0,20.15,1337.5,0
0,0,1,1,71,0,1,0,2,2,0,2,2,2,2,0,59.7,4122.65,0
1,0,0,0,33,1,2,1,2,0,0,0,0,0,1,0,80.1,2603.3,0
0,0,1,1,53,1,2,1,2,2,2,2,0,2,2,1,104.05,5566.4,0
0,1,1,0,50,1,2,1,2,2,2,0,2,2,0,0,108.75,5431.9,0
0,0,1,1,54,1,0,2,1,1,1,1,1,1,2,1,20.35,1092.35,0
1,1,1,0,13,1,0,1,0,0,0,0,0,0,0,0,70.45,849.1,0
1,0,1,0,43,1,2,0,2,2,0,2,0,0,0,0,66.25,2907.35,0
0,0,1,0,6,1,0,2,1,1,1,1,1,1,0,0,19.5,146.3,1
0,0,1,0,70,0,1,0,2,2,2,2,2,2,2,0,64.55,4504.9,0
0,0,0,0,6,1,0,0,0,0,0,2,0,0,0,1,49.65,267.35,1
0,0,1,0,26,1,0,0,0,2,2,2,2,2,0,0,81.9,2078.55,0
1,0,0,0,24,1,2,0,0,0,0,2,0,0,1,0,54.6,1242.25,0
0,0,1,0,25,0,1,0,0,0,0,0,2,0,0,1,34.0,853.0,1
0,0,1,1,49,1,2,1,0,2,2,2,2,2,2,1,107.95,5293.2,1
0,0,0,0,38,1,2,0,2,2,2,0,2,2,1,0,84.1,3187.65,0
1,0,1,1,69,1,2,1,2,2,2,2,2,2,2,1,114.35,7665.8,0
1,0,1,1,53,1,2,0,2,2,0,0,0,2,2,0,69.7,3686.05,0
1,0,0,1,62,1,0,2,1,1,1,1,1,1,2,0,20.0,1250.1,0
0,0,1,1,65,1,2,0,2,2,0,2,2,2,2,1,82.5,5215.1,0
1,0,1,1,16,1,2,1,0,0,2,0,2,0,0,1,90.8,1442.2,0
0,0,0,0,54,1,2,1,2,0,2,0,2,2,1,1,103.95,5639.05,1
1,0,0,0,53,1,2,1,0,0,0,0,2,0,0,0,85.45,4517.25,1
1,0,1,1,63,0,1,0,0,2,2,2,0,0,2,0,39.35,2395.05,0
0,0,0,0,50,1,0,2,1,1,1,1,1,1,1,0,19.75,989.05,0
0,0,0,0,33,1,0,1,0,0,0,0,0,0,0,1,70.4,2406.1,0
0,0,0,0,51,1,2,2,1,1,1,1,1,1,2,0,24.95,1288.0,0
0,0,1,0,64,1,0,1,2,0,2,0,2,2,2,1,99.0,6375.8,0
1,1,1,0,61,1,2,1,0,2,0,2,0,0,1,1,85.55,5251.75,0
1,0,1,1,14,1,0,0,2,2,0,0,0,2,2,1,61.4,815.55,0
0,1,1,0,72,1,2,1,2,0,0,0,0,0,2,0,78.5,5602.25,0
1,0,1,0,51,1,2,0,0,0,0,2,2,2,2,1,75.2,3901.25,0
0,0,1,1,72,1,2,0,2,2,2,2,0,2,2,1,79.5,5661.7,0
1,0,0,1,33,1,2,1,2,0,2,0,0,2,0,1,95.3,3275.15,0
0,0,1,1,46,1,0,1,0,0,2,2,0,2,1,0,90.95,4236.6,0
0,0,1,1,19,1,0,0,0,0,2,0,0,0,0,1,49.6,962.9,0
1,0,1,0,45,1,2,1,0,2,2,0,2,2,0,1,107.75,4882.8,0
0,0,1,1,41,1,2,1,2,2,2,0,0,2,1,1,101.6,3930.55,0
1,0,1,1,67,1,0,1,0,2,2,2,2,2,2,0,103.15,6895.5,0
0,0,1,1,37,1,0,0,2,2,0,0,2,2,1,0,75.1,2658.8,0
0,0,1,1,11,1,0,0,2,0,0,0,0,0,0,0,51.0,581.7,0
0,0,1,1,1,1,0,0,0,0,0,0,0,0,0,1,44.35,44.35,1
1,0,0,1,10,1,0,2,1,1,1,1,1,1,1,1,19.95,219.5,0
1,0,1,1,24,1,2,0,2,0,0,2,2,2,0,0,81.0,1923.85,0
0,0,1,1,72,1,2,0,2,0,2,2,2,2,2,1,84.2,5986.55,0
1,0,0,0,54,1,2,0,2,0,2,2,2,2,2,0,87.1,4735.2,0
1,1,1,0,45,1,2,1,0,2,2,2,2,0,1,1,98.7,4525.8,0
1,0,0,0,6,1,0,0,2,2,0,0,0,0,0,1,55.7,335.65,0
1,0,0,0,21,1,0,0,2,0,2,0,2,0,0,0,65.35,1424.4,0
0,0,1,1,65,1,2,2,1,1,1,1,1,1,2,1,25.3,1748.55,0
1,0,1,1,49,0,1,0,0,2,0,0,2,2,1,1,51.8,2541.25,1
1,0,1,1,60,1,0,0,2,2,2,0,0,0,2,0,60.5,3694.45,0
1,1,1,0,16,1,0,1,0,0,0,0,0,0,0,1,71.8,1167.8,1
1,0,1,1,35,1,0,2,1,1,1,1,1,1,1,0,20.05,746.75,0
1,0,1,0,70,1,2,2,1,1,1,1,1,1,2,0,25.15,1940.85,0
0,1,0,0,67,1,0,1,2,2,0,2,2,0,2,1,92.45,6140.85,0
0,0,0,0,1,1,0,0,2,0,0,0,0,0,0,1,48.45,48.45,0
1,1,1,1,71,1,0,1,2,2,2,0,0,0,1,1,86.7,6179.35,0
0,0,1,0,7,1,0,1,0,0,0,0,0,0,0,1,69.2,477.55,0
1,0,1,1,45,1,0,0,2,0,0,2,0,0,2,0,54.65,2553.7,0
0,0,1,1,54,1,2,2,1,1,1,1,1,1,1,1,24.75,1342.15,0
1,0,1,0,44,1,0,0,2,2,0,2,0,0,1,1,59.85,2603.95,0
0,0,0,0,66,1,2,1,0,0,2,0,2,0,1,1,92.15,6056.9,0
0,1,0,0,21,1,2,1,0,0,0,0,2,2,0,1,95.4,2025.1,0
0,0,1,1,55,1,2,0,2,0,2,2,2,2,2,1,85.1,4657.95,0
1,1,1,0,71,1,2,1,2,2,2,2,2,2,2,1,115.05,8016.6,0
0,0,1,0,67,1,2,0,0,2,2,2,2,2,2,0,86.15,5883.85,0
1,1,1,0,21,1,0,1,0,0,2,0,2,0,0,0,86.55,1857.25,0
1,0,1,0,70,1,2,2,1,1,1,1,1,1,2,0,24.25,1724.15,0
1,1,0,0,21,1,0,2,1,1,1,1,1,1,1,0,20.5,429.55,0
1,0,1,1,22,1,0,2,1,1,1,1,1,1,1,0,20.25,488.25,0
0,0,1,1,70,1,0,2,1,1,1,1,1,1,2,0,19.8,1378.75,0
0,1,1,0,56,1,2,1,0,0,0,2,0,0,0,1,76.85,4275.75,0
1,0,1,0,72,1,2,0,0,2,2,0,2,2,2,0,82.15,5784.3,0
0,1,0,0,49,1,2,1,2,2,2,2,0,2,1,0,103.0,5166.2,0
1,0,1,1,70,1,2,0,2,2,2,2,0,2,1,0,78.35,5445.95,0
0,0,1,1,70,1,2,1,2,2,2,2,0,0,2,0,93.9,6579.05,1
1,0,0,0,48,1,0,2,1,1,1,1,1,1,1,0,19.95,1004.5,0
1,0,1,0,11,1,2,1,0,2,0,0,0,0,0,1,80.5,896.9,1
0,1,0,0,46,1,0,1,0,2,2,0,2,0,1,1,91.3,4126.35,0
0,0,0,0,65,1,2,2,1,1,1,1,1,1,2,0,26.5,1698.55,0
1,1,0,0,22,1,2,1,0,0,0,2,2,0,0,1,90.5,1910.6,1
1,0,1,1,7,1,0,1,0,0,0,0,0,0,0,1,69.95,529.5,1
0,0,1,1,13,1,0,0,2,0,0,2,0,0,1,0,54.15,701.05,0
1,0,1,0,29,1,2,1,0,2,0,0,0,0,0,1,80.15,2265.25,1
0,1,1,0,58,1,2,1,0,0,0,2,2,2,0,1,100.4,5749.8,0
0,0,1,1,72,1,2,0,2,2,2,2,0,0,2,1,70.45,5165.7,0
1,0,1,1,68,1,2,1,2,2,0,0,0,0,1,1,85.5,5696.6,0
1,0,0,0,1,1,0,2,1,1,1,1,1,1,0,1,20.2,20.2,1
0,1,1,0,20,1,0,1,0,0,0,0,2,2,1,1,91.0,1859.5,0
1,0,1,0,72,1,2,1,0,2,2,0,2,2,2,1,104.8,7470.1,0
1,1,1,0,62,1,2,1,0,2,0,0,0,2,0,1,89.8,5629.55,0
0,0,0,0,11,1,0,0,2,0,2,0,0,2,0,0,64.05,733.95,0
1,0,0,1,39,1,2,2,1,1,1,1,1,1,1,0,25.45,958.45,0
1,0,0,0,65,1,2,2,1,1,1,1,1,1,2,1,25.1,1725.0,0
1,0,0,0,63,1,2,0,2,0,2,2,0,2,2,1,71.9,4479.2,0
1,0,0,0,34,0,1,0,0,0,0,0,0,0,0,1,25.05,852.7,0
1,1,1,0,43,1,0,1,0,2,2,0,2,2,1,1,100.55,4304.0,0
0,0,1,0,61,1,2,2,1,1,1,1,1,1,2,0,25.3,1554.9,0
0,1,1,0,34,1,0,0,0,0,2,2,2,0,1,0,64.2,2106.3,0
1,1,0,0,6,1,0,1,2,0,0,0,2,0,0,1,85.15,503.6,1
0,0,1,0,72,1,2,1,2,0,0,0,0,0,2,0,80.45,5737.6,0
0,0,1,1,15,1,0,0,0,2,2,2,2,2,0,0,76.5,1155.6,0
1,1,0,0,72,1,2,2,1,1,1,1,1,1,2,0,25.4,1809.35,0
0,0,0,0,23,1,0,2,1,1,1,1,1,1,0,1,20.3,470.6,0
0,0,0,0,27,1,0,0,2,2,0,0,0,0,2,0,52.85,1498.65,0
0,1,1,0,27,1,2,1,2,0,0,2,2,2,0,1,104.3,2867.75,1
1,0,0,0,58,1,2,1,0,0,0,2,0,0,0,0,80.65,4807.35,0
0,0,1,1,47,1,0,2,1,1,1,1,1,1,2,1,21.3,1041.8,0
0,0,1,1,71,1,0,2,1,1,1,1,1,1,2,0,19.85,1326.35,0
1,1,1,0,67,1,2,1,0,2,0,2,2,2,2,0,102.9,6989.7,0
1,0,1,1,69,1,2,2,1,1,1,1,1,1,2,1,26.0,1796.55,0
0,0,1,1,22,1,0,2,1,1,1,1,1,1,0,0,19.05,454.05,0
1,1,1,0,30,1,2,1,2,2,2,2,2,0,0,1,105.7,3181.8,0
0,0,1,0,23,1,0,0,0,0,0,2,2,0,1,0,60.0,1347.15,0
1,0,1,0,44,1,0,1,0,0,0,0,2,2,1,1,90.65,3974.15,0
0,0,1,1,71,1,2,1,2,2,2,0,2,2,2,1,109.0,7661.8,0
1,0,1,1,69,1,2,0,0,2,2,2,2,2,2,1,81.95,5601.4,0
1,0,0,0,5,1,0,0,0,2,0,2,0,2,0,1,65.6,339.9,0
1,0,1,1,58,1,2,1,0,0,0,0,2,0,2,0,82.5,4828.05,0
1,0,1,0,72,1,2,0,2,2,2,2,0,2,2,1,82.3,5980.55,0
1,1,1,0,72,1,2,1,0,2,2,2,2,2,2,1,109.75,7932.5,0
0,0,0,0,17,1,2,1,0,0,2,0,0,0,0,0,80.05,1345.65,0
1,1,1,0,19,1,0,0,2,0,2,0,2,0,0,0,66.4,1286.05,0
1,0,1,0,61,1,2,0,0,2,2,0,2,2,2,0,80.9,4932.5,0
1,0,1,1,66,1,2,0,0,2,2,0,2,2,2,0,79.85,5234.95,0
0,0,1,0,1,1,0,1,0,0,0,0,2,0,0,1,79.35,79.35,1
0,0,1,1,72,1,2,2,1,1,1,1,1,1,2,0,24.45,1709.1,0
1,0,0,1,30,1,2,2,1,1,1,1,1,1,1,0,25.35,723.3,0
0,0,0,0,9,1,0,1,0,0,0,0,2,2,0,1,90.8,809.75,1
0,0,1,1,61,1,0,0,2,0,0,0,0,0,1,1,49.7,2961.4,0
1,1,1,0,35,1,2,1,0,0,2,0,0,0,1,1,81.6,2815.25,0
0,0,0,0,62,1,2,1,0,0,0,0,2,2,1,1,94.0,5757.2,0
1,0,1,0,63,1,0,2,1,1,1,1,1,1,2,1,19.95,1234.8,0
0,1,0,0,35,1,2,1,2,2,2,2,2,2,1,1,110.8,3836.3,0
0,0,0,0,61,1,0,2,1,1,1,1,1,1,1,0,19.45,1336.35,0
0,0,0,0,2,1,0,1,0,0,0,0,0,0,0,0,70.0,153.05,1
0,0,0,0,17,1,0,1,0,0,0,0,0,0,0,0,70.5,1165.6,0
0,0,1,0,47,1,0,2,1,1,1,1,1,1,2,0,19.65,921.55,0
1,0,1,1,5,1,2,2,1,1,1,1,1,1,0,1,25.9,135.0,1
1,0,0,0,24,1,2,0,2,0,0,0,0,0,0,1,55.65,1400.55,1
0,0,1,0,65,1,0,0,2,2,2,0,0,2,2,0,71.0,4386.2,0
0,0,0,0,34,1,0,0,2,0,2,2,2,2,1,1,79.95,2727.3,0
1,1,1,0,46,0,1,0,0,2,2,2,2,2,1,1,59.9,2816.65,1
1,0,1,1,12,1,2,2,1,1,1,1,1,1,2,1,24.0,269.65,0
1,0,1,1,37,0,1,0,2,2,2,0,0,0,0,0,40.2,1448.8,1
0,1,0,0,47,1,2,1,0,2,2,0,0,0,0,1,85.2,3969.35,1
1,0,0,0,67,1,0,0,2,0,2,0,0,2,2,0,65.55,4361.55,0
1,0,1,1,72,1,2,1,2,0,2,0,2,2,2,0,105.25,7609.75,0
0,0,0,0,72,1,2,1,2,0,0,2,0,0,2,1,84.7,6185.15,0
0,0,0,0,36,0,1,0,0,2,0,2,0,0,0,1,34.85,1267.2,0
1,0,1,0,70,1,0,1,2,2,0,2,0,0,2,0,84.6,5706.2,0
1,0,1,1,72,1,0,0,2,2,0,2,2,0,2,0,68.4,4855.35,0
1,0,1,0,11,1,0,0,0,0,0,0,2,0,0,1,55.05,608.15,0
1,0,1,0,16,1,0,1,2,2,0,0,0,0,0,0,80.75,1321.3,0
0,0,1,1,49,1,0,0,2,0,2,2,0,0,0,0,61.75,3024.15,0
1,1,0,0,4,0,1,0,0,0,0,0,0,0,0,1,25.2,102.5,1
1,0,0,0,64,1,2,1,0,2,2,0,2,2,2,1,104.4,6692.65,0
1,0,0,0,57,1,0,2,1,1,1,1,1,1,2,0,20.65,1125.6,0
1,0,0,0,53,1,0,2,1,1,1,1,1,1,2,0,19.65,978.0,0
0,0,1,0,57,1,2,0,0,2,2,2,2,0,1,0,74.6,4368.95,0
1,0,1,1,12,1,0,2,1,1,1,1,1,1,2,0,21.05,262.05,0
1,0,1,1,72,1,0,1,2,2,2,2,2,2,2,0,111.95,8033.1,0
1,0,0,0,62,1,0,2,1,1,1,1,1,1,2,0,19.85,1253.65,0
0,0,1,1,67,1,0,1,2,2,2,0,0,0,1,0,84.8,5598.3,0
1,0,1,1,23,0,1,0,0,0,0,2,0,0,0,1,30.35,678.75,0
1,0,0,1,39,0,1,0,0,0,2,2,2,2,1,0,54.85,2191.7,0
0,0,0,1,41,1,0,0,0,0,0,0,0,0,0,0,45.2,1841.9,0
1,0,1,1,35,1,2,2,1,1,1,1,1,1,2,0,25.45,809.25,0
1,0,1,0,12,1,0,1,2,0,0,2,0,0,0,0,80.85,866.45,1
0,0,0,0,43,0,1,0,0,0,2,0,2,2,0,1,49.05,2076.2,1
1,1,0,0,63,1,2,1,2,2,2,0,2,2,0,1,109.4,7031.45,0
0,0,1,1,70,1,2,1,2,2,2,2,2,2,2,1,114.2,7723.9,1
1,1,1,0,27,0,1,0,0,0,0,0,0,2,0,0,36.5,1032.0,1
1,0,1,0,61,1,2,1,2,0,2,2,2,0,0,0,99.4,5943.65,0
0,0,1,1,36,1,2,1,0,2,2,0,2,0,0,1,97.35,3457.9,1
1,0,1,0,11,1,0,0,0,0,0,0,0,0,0,1,45.9,521.9,0
0,0,0,0,39,0,1,0,2,2,0,2,0,0,1,1,40.3,1630.4,0
1,0,1,1,61,1,2,0,0,0,2,2,2,2,2,1,81.0,4976.15,0
1,0,1,1,72,1,2,1,2,0,2,0,2,2,2,1,105.55,7542.25,0
0,0,1,1,65,1,0,0,2,2,2,0,0,0,1,0,61.35,3874.1,0
1,1,1,1,64,1,2,2,1,1,1,1,1,1,2,1,24.4,1548.65,0
1,0,1,0,36,1,2,1,0,0,0,0,2,2,0,1,95.0,3440.25,0
1,0,0,1,26,0,1,0,0,2,0,0,2,0,1,1,39.95,1023.75,0
0,0,1,0,72,1,2,1,2,2,2,2,0,0,2,1,94.25,6849.75,0
1,0,1,1,21,1,2,0,2,0,0,0,2,2,1,1,75.9,1549.75,0
0,0,1,1,71,1,2,2,1,1,1,1,1,1,2,0,24.7,1810.55,0
0,1,1,0,29,1,2,1,0,0,2,0,2,2,0,1,99.05,2952.85,1
0,0,0,0,40,1,2,1,0,0,0,0,0,2,0,0,83.85,3532.25,0
0,0,0,0,48,1,2,0,0,2,2,2,2,0,1,1,73.85,3581.4,0
1,0,0,0,69,1,0,2,1,1,1,1,1,1,2,1,19.3,1447.9,0
0,0,1,1,8,1,0,2,1,1,1,1,1,1,2,0,19.5,159.35,0
0,0,1,0,56,1,2,1,2,2,2,0,2,2,1,0,109.8,6109.65,0
1,0,1,1,71,1,2,1,2,2,2,2,2,2,2,1,114.0,8175.9,0
0,0,1,1,46,1,0,2,1,1,1,1,1,1,2,0,20.25,890.35,0
1,1,1,0,67,1,2,1,2,2,0,0,0,0,0,0,83.85,5588.8,0
1,0,0,1,3,1,0,2,1,1,1,1,1,1,0,0,20.2,50.6,0
1,0,1,1,60,1,0,2,1,1,1,1,1,1,2,1,20.95,1270.55,0
0,0,1,1,72,1,2,1,0,2,2,2,2,2,2,1,109.2,7711.45,0
0,0,0,1,2,1,0,2,1,1,1,1,1,1,1,0,20.5,38.25,0
0,0,0,0,1,1,0,0,0,0,0,0,0,0,0,1,44.9,44.9,1
0,1,0,0,11,1,2,1,0,0,0,0,2,2,0,1,95.15,997.65,1
0,1,0,0,66,1,2,1,2,0,0,0,2,2,2,1,102.4,6471.85,0
1,0,0,0,41,1,2,0,0,0,2,0,0,0,0,1,55.7,2237.55,0
0,0,1,1,68,1,2,1,0,2,0,2,0,0,1,1,83.65,5733.4,0
1,0,0,0,4,1,2,1,0,0,0,0,0,0,0,1,72.2,305.55,1
1,0,0,0,13,0,1,0,0,0,0,0,0,0,0,1,25.15,331.85,0
1,0,1,0,42,1,2,1,0,2,2,0,2,0,0,1,95.25,3959.35,1
1,0,1,0,61,1,2,0,2,2,2,2,0,2,2,1,80.8,4860.85,0
0,0,1,1,70,0,1,0,0,2,2,2,2,2,1,1,58.4,4113.15,0
1,0,0,0,26,1,0,2,1,1,1,1,1,1,1,1,19.6,471.85,0
1,0,1,1,51,1,2,1,0,2,0,2,0,0,1,0,84.2,4299.75,0
1,0,0,0,2,1,0,0,0,0,0,0,0,0,0,0,46.05,80.35,1
1,0,0,1,70,1,2,0,2,2,0,2,0,0,1,0,64.95,4551.5,0
1,1,1,0,33,1,2,1,0,2,0,0,2,2,0,1,100.6,3270.25,0
1,1,1,0,54,1,2,1,0,0,0,0,0,0,0,0,74.0,3919.15,0
1,0,0,0,54,1,0,0,2,2,0,0,2,0,2,1,65.3,3512.9,0
0,0,1,0,69,1,2,1,2,0,0,0,2,2,2,0,99.15,6875.35,0
1,0,1,1,60,1,0,0,0,2,0,2,2,2,2,0,76.95,4543.95,0
1,0,1,1,62,1,0,2,1,1,1,1,1,1,2,0,20.45,1297.35,0
0,0,0,0,45,1,2,1,2,2,0,0,0,2,1,0,96.75,4442.75,0
1,0,0,0,44,1,0,1,0,0,2,2,2,2,2,0,100.1,4378.35,0
0,0,0,0,22,1,0,2,1,1,1,1,1,1,1,0,20.85,450.65,0
1,0,0,0,62,1,2,0,2,2,2,2,0,0,2,0,69.4,4237.5,0
0,0,1,0,70,1,2,1,0,0,2,2,2,2,2,1,104.3,7188.5,0
0,0,1,0,71,1,2,1,0,0,0,0,2,2,2,1,93.7,6585.35,1
0,0,1,1,48,1,0,2,1,1,1,1,1,1,2,0,20.2,1027.25,0
1,0,1,1,46,1,2,1,0,2,0,0,0,0,0,1,80.0,3769.7,0
0,0,0,0,52,1,2,0,0,0,2,2,2,2,2,1,80.95,4233.95,0
0,0,0,0,9,1,0,1,0,0,0,0,2,0,0,1,77.65,714.15,1
1,0,0,0,71,1,2,1,2,2,2,2,2,2,1,1,116.3,8309.55,0
0,0,0,0,32,1,0,2,1,1,1,1,1,1,0,0,19.9,601.55,0
1,1,1,0,54,0,1,0,0,0,0,0,0,0,0,1,24.95,1364.75,0
0,0,1,0,30,1,0,2,1,1,1,1,1,1,0,0,19.65,655.85,1
1,0,0,0,28,1,0,1,0,2,0,2,2,0,1,1,91.25,2483.65,0
0,0,0,0,46,1,0,1,0,2,2,2,2,2,2,1,104.4,4904.2,0
1,0,1,1,68,1,0,1,2,2,2,0,2,2,2,1,105.25,7173.15,0
0,1,1,0,38,1,2,1,0,0,0,0,0,0,0,1,74.95,2869.85,1
1,0,1,0,15,1,0,1,0,0,0,0,0,0,0,1,68.6,1108.6,0
0,0,1,0,61,1,0,1,2,2,0,2,0,2,1,0,93.7,5860.7,0
0,0,1,1,72,1,0,0,2,0,2,2,2,2,2,1,80.45,5886.85,0
0,0,0,0,7,1,0,0,0,0,2,2,0,2,0,0,62.8,418.3,0
1,0,0,0,70,0,1,0,2,0,2,2,0,2,2,0,48.4,3442.8,0
1,0,1,1,44,1,0,1,0,0,2,0,2,2,0,1,92.95,4122.9,0
1,0,0,0,66,1,0,2,1,1,1,1,1,1,2,0,19.35,1240.8,0
1,0,0,0,10,1,2,1,0,2,0,0,0,0,0,1,80.7,788.8,1
0,0,0,0,8,1,0,0,2,2,0,2,0,0,1,0,58.2,469.25,0
1,1,0,0,54,1,0,0,0,0,2,2,0,2,1,0,65.25,3529.95,0
1,0,1,1,71,1,2,1,0,2,2,0,2,2,2,1,106.0,7723.7,1
0,0,0,0,72,1,2,0,2,2,0,0,0,0,2,0,59.75,4265.0,0
0,0,1,1,54,1,2,0,0,2,2,0,0,0,2,1,59.8,3246.45,0
1,0,1,1,72,1,2,1,2,2,2,2,2,2,2,1,116.6,8337.45,0
0,1,0,0,60,1,2,1,2,0,0,0,2,2,1,1,101.4,6176.6,0
1,0,0,0,69,1,2,1,0,0,2,2,2,2,2,1,106.5,7348.8,1
0,1,0,0,63,1,2,0,2,2,2,2,2,0,1,0,83.0,5243.05,0
0,0,1,1,72,1,0,1,2,2,2,2,2,2,2,1,108.3,7679.65,0
0,0,1,1,32,1,2,1,0,0,2,0,0,2,0,1,91.05,2954.5,1
1,0,1,1,52,0,1,0,2,0,2,0,0,2,1,0,44.25,2276.1,0
0,0,0,0,41,1,0,0,0,0,0,2,0,0,1,0,50.05,2029.05,0
0,0,0,0,70,1,0,0,2,0,2,2,2,2,2,0,79.6,5589.45,0
0,0,1,1,19,1,2,2,1,1,1,1,1,1,2,1,24.9,467.7,0
0,0,0,0,9,1,0,2,1,1,1,1,1,1,0,0,19.5,150.35,0
1,1,1,1,58,1,2,1,2,2,0,2,0,0,1,1,89.85,5125.75,0
1,0,0,0,15,1,2,1,2,0,0,0,2,0,0,1,87.75,1242.2,0
1,1,0,0,50,1,2,0,2,2,0,0,2,0,0,1,70.35,3454.6,0
1,0,0,0,35,1,0,2,1,1,1,1,1,1,2,0,21.45,705.45,0
1,0,1,1,18,1,0,2,1,1,1,1,1,1,1,0,20.05,345.9,0
0,0,1,1,60,1,2,1,2,2,0,0,2,0,1,0,94.15,5811.8,0
1,0,1,1,53,1,2,0,2,2,0,2,0,0,1,0,64.15,3491.55,0
1,1,1,0,72,1,2,1,2,2,2,0,2,2,2,1,109.55,7920.7,0
1,0,0,0,37,1,2,0,2,2,2,2,2,2,1,1,90.6,3358.65,0
0,0,1,0,5,1,2,0,0,0,2,2,2,0,0,0,67.95,350.3,1
0,0,1,0,61,1,2,1,0,2,0,2,0,2,2,1,94.35,5703.0,0
0,0,1,0,67,1,2,1,0,2,2,0,2,2,1,1,105.7,6816.95,0
0,0,1,1,44,1,0,0,2,0,0,2,0,0,0,0,56.25,2419.55,0
1,0,1,1,56,1,0,0,2,2,2,0,0,0,2,1,59.8,3457.45,0
0,0,1,1,58,1,2,1,2,2,0,0,0,2,0,1,93.4,5435.6,1
0,0,1,1,63,1,0,0,2,0,0,0,0,0,2,1,50.65,3221.25,0
1,0,1,1,15,1,2,0,0,0,2,2,0,0,0,1,59.65,867.1,0
0,0,1,0,43,0,1,0,2,0,0,2,0,0,0,0,34.0,1505.35,0
1,0,0,1,49,1,2,1,0,0,0,2,2,2,1,1,100.6,5069.65,1
1,1,1,0,63,0,1,0,2,0,0,2,0,0,1,0,36.1,2298.9,0
0,0,0,0,25,1,0,0,0,2,0,2,0,2,0,1,65.8,1679.65,0
0,1,0,0,18,1,0,2,1,1,1,1,1,1,1,0,20.35,369.6,0
1,0,0,0,35,1,0,1,0,2,2,0,2,2,1,1,102.35,3626.1,1
0,1,0,0,42,1,2,1,0,2,2,0,2,2,0,1,104.75,4323.45,1
0,1,0,0,2,1,0,1,0,0,0,0,0,2,0,1,79.75,159.4,1
0,0,1,1,61,0,1,0,0,2,2,2,2,2,2,1,61.45,3751.15,0
1,0,0,0,16,1,0,2,1,1,1,1,1,1,0,0,20.25,327.45,1
1,0,1,1,15,1,2,1,0,0,0,0,0,0,0,1,74.9,1107.25,1
0,0,1,1,45,0,1,0,0,2,2,2,0,2,1,0,51.0,2264.5,0
1,0,1,0,70,1,2,0,0,2,2,2,2,0,2,0,72.95,5265.55,0
1,1,0,0,64,1,2,1,2,2,0,0,2,2,0,1,103.5,6548.65,0
1,0,1,0,55,0,1,0,0,0,2,2,2,2,0,1,54.55,2978.3,1
1,0,1,1,29,1,2,0,2,0,0,2,2,0,1,0,69.05,1958.45,0
0,0,0,0,9,1,0,2,1,1,1,1,1,1,0,0,20.15,238.15,0
1,0,0,0,2,1,2,0,0,0,0,0,0,2,0,0,62.05,118.3,1
1,0,1,1,64,0,1,0,2,0,2,2,2,2,2,1,60.05,3845.45,0
1,0,1,1,50,1,0,1,0,2,2,2,2,2,1,1,103.4,5236.4,0
0,1,1,0,3,1,0,1,0,2,0,0,0,0,0,1,74.6,239.05,0
1,0,1,0,61,1,2,1,0,0,0,0,2,2,1,1,96.5,5673.7,0
0,0,1,0,49,1,0,2,1,1,1,1,1,1,1,0,20.45,900.9,0
0,0,0,0,36,1,2,1,0,2,2,0,2,2,1,1,104.8,3886.45,0
0,0,1,1,41,1,2,1,2,2,0,0,2,0,0,1,94.3,3893.6,0
0,0,1,0,60,0,1,0,2,2,0,2,0,0,2,0,37.7,2288.7,0
0,0,1,1,12,1,0,2,1,1,1,1,1,1,2,0,20.3,224.5,0
0,0,0,0,39,0,1,0,2,2,0,2,0,0,1,0,41.15,1700.9,0
0,0,0,0,41,1,2,0,2,0,2,2,0,2,0,1,74.65,3090.65,0
1,0,1,0,72,1,2,1,0,2,2,0,2,2,2,1,106.3,7565.35,0
1,0,1,1,28,1,0,1,0,2,2,0,2,2,1,0,100.35,2799.0,0
0,0,1,1,48,1,0,0,2,0,2,2,2,0,1,0,69.7,3023.65,0
0,0,1,1,49,1,2,0,0,2,0,2,2,2,2,0,79.3,3902.45,0
1,0,0,0,46,1,0,2,1,1,1,1,1,1,2,0,20.05,902.0,0
0,0,1,0,37,1,0,2,1,1,1,1,1,1,0,0,19.5,805.2,0
1,0,1,1,68,1,0,0,0,0,2,2,2,2,2,1,72.95,4953.25,0
0,0,0,0,24,1,0,2,1,1,1,1,1,1,2,1,19.55,470.2,0
1,0,0,0,12,1,0,0,0,0,0,2,0,0,0,0,50.25,593.75,1
0,0,1,0,63,1,2,1,0,2,2,2,2,2,2,1,109.25,6841.4,0
1,0,0,0,68,1,2,1,2,2,2,0,2,0,1,0,101.35,7110.75,0
1,0,1,0,70,1,2,0,2,2,2,2,2,0,1,0,79.4,5528.9,0
0,0,1,1,56,1,2,0,2,2,0,0,0,2,1,0,68.75,3815.4,0
1,0,0,1,1,1,2,0,2,2,0,2,0,0,2,1,61.9,61.9,0
1,1,1,0,22,1,0,1,0,0,0,0,2,2,0,1,89.75,1938.9,0
1,1,1,0,51,1,2,1,2,0,2,0,0,2,1,1,93.65,4839.15,0
1,1,1,1,71,1,2,0,0,2,2,2,0,2,1,1,72.9,5139.65,0
0,0,1,1,69,1,2,2,1,1,1,1,1,1,2,1,25.6,1673.4,0
1,1,0,0,57,1,2,0,0,2,2,0,2,2,2,1,79.75,4438.2,0
1,0,1,1,13,1,0,0,0,0,0,0,0,0,0,0,44.8,559.2,0
0,0,0,0,19,1,2,2,1,1,1,1,1,1,0,0,24.7,465.85,0
0,0,0,0,67,1,2,2,1,1,1,1,1,1,2,1,25.6,1790.35,0
0,0,1,1,19,1,2,1,0,0,0,2,0,2,1,1,89.35,1686.85,0
0,0,0,0,20,1,2,1,2,0,0,0,2,0,0,1,89.1,1879.25,0
0,1,1,0,70,1,2,1,0,2,0,2,2,2,1,1,105.55,7195.35,0
0,1,0,0,45,1,0,1,2,2,0,2,0,0,0,1,85.7,3778.1,0
1,0,1,1,72,1,2,0,2,2,2,2,0,0,2,0,69.85,5102.35,0
0,0,0,0,18,1,2,1,0,0,0,2,2,2,0,1,99.85,1776.95,1
0,0,0,0,4,1,0,0,2,0,0,0,0,0,0,1,50.55,235.65,0
1,0,1,0,67,1,2,1,0,2,0,0,2,0,1,1,88.4,5798.3,0
0,0,1,0,9,1,2,1,2,2,2,0,0,0,0,0,91.75,865.8,1
1,0,1,1,30,1,2,1,0,2,0,2,0,0,0,1,83.55,2570.2,0
1,0,0,1,66,1,2,0,2,2,0,2,0,0,2,0,65.7,4378.9,0
1,0,1,1,38,1,2,1,0,0,2,2,2,0,2,1,94.9,3616.25,0
0,0,0,0,37,1,2,1,0,2,2,0,2,2,0,1,101.9,3545.35,1
0,0,1,0,48,1,2,0,2,0,0,2,0,0,1,1,60.6,2985.25,0
1,0,0,0,67,1,0,2,1,1,1,1,1,1,2,0,19.95,1311.75,0
1,0,0,0,49,1,2,1,0,0,0,0,0,0,0,1,74.6,3720.35,0
0,0,1,0,52,1,2,1,0,2,2,0,2,0,0,0,94.6,5025.8,0
0,0,1,1,68,1,2,0,2,2,2,2,2,2,2,1,89.05,6185.8,0
0,0,0,0,1,1,0,1,0,0,0,0,0,0,0,0,69.7,69.7,1
0,0,1,1,72,1,2,2,1,1,1,1,1,1,2,0,25.2,1787.35,0
0,0,0,1,34,1,0,1,2,2,2,0,2,2,0,1,105.35,3688.6,0
0,0,1,1,35,1,2,2,1,1,1,1,1,1,2,0,24.3,821.6,0
0,0,1,1,48,1,0,1,2,0,2,0,2,2,1,1,99.7,4977.2,0
1,0,0,0,62,1,0,0,0,2,2,2,2,2,0,1,80.4,4981.15,0
1,0,0,0,1,1,0,0,0,0,0,0,0,0,0,1,45.1,45.1,1
1,1,0,0,51,1,0,1,0,0,2,0,2,2,1,1,94.0,4905.75,0
0,0,0,0,41,1,0,1,0,0,0,0,0,0,0,0,70.25,2868.05,1
0,0,1,1,57,1,0,2,1,1,1,1,1,1,2,1,20.1,1087.7,0
0,0,1,1,69,1,2,1,0,2,2,2,2,2,1,1,108.75,7493.05,0
1,0,0,1,44,1,0,2,1,1,1,1,1,1,2,0,19.55,819.95,0
0,0,1,0,72,1,2,1,2,2,0,0,0,0,2,1,84.05,6052.25,0
1,0,0,0,54,1,2,1,0,2,0,0,0,0,0,1,79.85,4308.25,0
0,0,1,0,53,1,2,0,2,2,2,0,0,2,1,0,74.1,3833.95,0
1,0,0,0,58,1,0,1,2,2,0,0,2,2,1,0,99.15,5720.95,0
1,0,0,0,10,1,0,0,0,0,0,0,0,2,0,1,56.75,503.25,0
0,0,1,1,67,1,2,0,0,0,2,2,0,2,2,1,69.9,4615.9,0
0,0,1,1,61,0,1,0,2,2,0,2,0,2,1,1,50.7,3088.75,0
0,0,1,1,1,0,1,0,2,0,0,0,0,0,0,0,30.5,30.5,1
1,0,1,1,70,1,2,1,0,2,0,0,2,2,2,0,98.3,6859.5,1
0,0,0,0,48,1,2,1,0,2,2,0,2,2,0,1,107.4,5121.3,1
1,1,0,0,67,1,2,0,2,2,0,2,0,0,2,1,64.55,4250.1,0
0,0,1,1,13,1,0,2,1,1,1,1,1,1,2,1,19.75,246.7,0
1,0,0,1,50,0,1,0,2,2,0,0,2,0,1,1,43.05,2208.05,0
0,1,0,0,22,1,2,1,0,0,0,0,0,0,0,1,74.4,1692.6,1
0,1,1,0,18,1,2,1,0,0,0,2,2,2,0,0,99.75,1836.25,1
0,0,0,0,23,1,0,1,0,2,2,2,0,0,0,0,83.2,2032.3,0
0,0,1,1,20,1,2,0,2,0,0,0,2,2,1,0,76.0,1588.75,0
0,0,0,0,8,1,2,1,0,0,0,0,2,2,0,0,95.65,778.1,1
1,0,1,1,71,1,2,1,0,2,0,0,2,2,1,0,100.55,7113.75,0
0,0,1,1,43,1,2,2,1,1,1,1,1,1,1,1,24.45,993.15,0
0,0,1,1,41,1,0,0,0,2,0,2,0,2,1,1,66.5,2728.6,1
0,0,1,0,64,1,2,1,0,2,0,2,2,2,2,1,105.4,6794.75,0
1,1,1,0,72,0,1,0,2,2,2,2,2,2,2,1,63.1,4685.55,0
0,0,0,0,40,1,2,1,0,2,2,0,2,0,0,1,93.4,3756.4,0
0,0,0,0,51,1,0,2,1,1,1,1,1,1,2,0,20.65,1020.75,0
0,0,0,0,18,1,2,1,0,0,2,2,0,2,0,1,95.05,1679.4,0
0,0,0,0,9,1,0,0,0,0,0,0,0,0,0,1,44.2,403.35,1
0,0,1,0,68,1,0,0,0,2,0,2,2,0,2,0,64.1,4326.25,0
1,0,0,0,19,1,0,1,0,0,0,0,2,0,0,1,78.7,1495.1,0
0,0,0,0,72,1,0,2,1,1,1,1,1,1,2,1,21.15,1419.4,0
1,0,0,0,66,1,0,1,2,0,2,2,2,2,2,1,105.65,6844.5,0
